sample_id	G000	G001	G002	G003	G004	G005	G006	G007	G008	G009	G010	G011	G012	G013	G014	G015	G016	G017	G018	G019	G020	G021	G022	G023	G024	G025	G026	G027	G028	G029	G030	G031	G032	G033	G034	G035	G036	G037	G038	G039	G040	G041	G042	G043	G044	G045	G046	G047	G048	G049	G050	G051	G052	G053	G054	G055	G056	G057	G058	G059	G060	G061	G062	G063	G064	G065	G066	G067	G068	G069	G070	G071	G072	G073	G074	G075	G076	G077	G078	G079
S000	0.582056	0.583681	1.759407	0.279256	1.567378	0.549731	1.152022	0.061289	0.825590	1.981222	2.448677	1.408842	0.794009	0.304168	0.696211	0.342788	2.107993	0.766445	0.614477	0.890057	1.732914	0.510976	0.170403	0.156505	0.257362	0.472676	2.240702	0.364086	0.634806	1.435260	0.741922	0.253083	0.356077	1.063769	0.399910	1.015943	0.269492	0.711414	0.435611	0.238079	0.990931	2.374684	0.257040	0.690895	3.081861	2.465245	2.254949	2.209708	0.896235	0.373341	1.479680	0.707563	5.368805	0.709871	0.685434	0.255204	0.933508	1.450635	0.797271	2.126796	0.647742	0.434020	1.743421	3.091576	1.553310	2.056013	1.094829	0.218267	0.542657	1.673126	0.242326	0.123195	2.164943	1.274087	0.409315	2.584331	0.515571	0.577055	0.008208	0.010981
S001	0.484211	0.563820	1.539631	0.472871	1.600247	0.204706	1.056406	0.087886	1.764960	2.066486	2.039177	0.963112	0.740036	0.414680	0.826461	0.160625	2.469830	0.793938	0.535098	0.891237	1.481502	0.453857	0.189699	0.143738	0.228998	0.420844	3.769567	0.620844	1.317350	2.415523	1.072703	0.670213	0.688624	1.773530	0.693766	1.682923	0.424099	1.129434	0.759374	0.439076	0.849975	3.746421	0.486554	0.979699	4.687663	4.060010	3.753945	3.695907	1.669985	0.551096	2.370596	1.362300	5.639218	1.023392	0.532588	0.285948	0.950197	1.405169	0.671971	2.204483	0.087656	0.428131	1.888282	2.952582	1.883672	2.225892	0.890212	0.272168	0.500838	1.509997	0.186671	0.222015	2.142650	1.271497	0.286375	2.080352	0.481088	0.606062	0.010599	0.074974
S002	0.735877	1.526796	4.345628	0.752189	4.081187	0.791710	2.993191	0.105764	2.143543	5.468337	6.257333	2.707706	2.174805	0.946760	2.054416	0.928168	5.750837	2.313491	1.465698	2.413580	4.304428	1.335117	0.509262	0.416629	0.682915	1.439183	8.964384	1.354730	2.544101	5.776423	2.463762	0.560393	1.270673	4.167328	1.549817	4.572894	1.035744	2.634873	1.746489	0.812074	1.995115	8.796563	0.599275	2.806451	11.506505	9.718022	8.975237	8.804250	2.703979	1.306794	5.454413	2.793713	11.871741	1.603438	1.209131	0.570670	2.083731	3.134095	1.385800	4.771073	0.228714	0.959524	3.441429	6.001479	3.750834	4.459672	1.692183	0.425322	0.866069	3.646385	0.298330	0.462368	4.917496	2.770884	0.792323	4.155249	1.551834	1.303220	0.148135	0.103331
S003	0.356957	0.647244	1.706741	0.665163	1.728334	0.268094	1.160248	0.011145	0.986550	2.159366	2.644745	1.080195	0.814599	0.409038	0.716797	0.208233	2.265776	0.821081	0.634151	0.937971	2.217857	0.658525	0.239047	0.290375	1.144434	0.507752	3.900896	0.646981	1.128623	2.640005	1.380020	0.413587	0.621780	1.916735	0.739809	1.799782	0.384042	1.305146	0.776367	0.349983	1.657761	4.003619	0.260834	1.056322	4.987132	4.616433	4.282820	3.896860	1.220647	0.920238	2.443200	1.285324	12.582427	1.573057	1.465449	0.577139	2.205864	3.157867	1.456064	5.102280	0.185096	0.862708	3.536729	6.176895	3.718689	4.775267	1.725078	0.435812	1.031529	3.461697	0.260271	0.270408	4.769335	2.904061	0.485569	4.436410	0.995343	1.371334	0.028710	0.051209
S004	0.395634	0.726633	1.435654	1.601889	1.861460	0.452509	1.001558	0.029154	0.796271	2.048745	2.882297	1.027325	0.931426	0.569512	0.946372	0.192101	2.107686	1.499877	0.946396	0.816915	1.368146	0.422772	0.439318	0.214012	0.297110	0.514907	7.590212	1.254820	2.180032	4.998312	2.059200	0.917270	1.210075	3.808023	1.390398	3.388481	0.657202	2.368155	1.464390	0.679050	2.837687	7.441098	0.489356	1.997132	9.413713	8.439795	7.633585	7.572351	2.277467	1.190502	4.571116	2.319330	33.412757	4.035346	3.157289	1.520179	5.914532	8.317417	3.647232	13.471831	0.467084	2.125457	9.121328	16.299448	9.922141	12.721500	4.574986	1.069083	2.170252	9.195323	0.165618	0.637798	13.197402	7.527078	1.102655	11.721322	2.265429	3.597996	0.052103	0.037516
S005	1.068142	2.845615	8.033946	0.749784	7.375249	0.995342	5.755172	0.031354	3.928940	10.038660	11.651846	5.057192	4.040034	1.367245	3.811618	0.825548	10.700064	3.840705	2.333842	4.896637	8.304689	2.546464	0.580051	0.650568	1.426957	2.242619	8.682137	1.310345	2.514292	5.663916	2.842202	0.290017	1.221861	4.133995	1.519598	4.043234	1.212738	2.647520	1.771815	0.795033	1.789634	9.126023	0.598962	2.354206	10.860248	9.784691	9.121183	8.818210	2.986302	1.339803	5.379894	2.787212	8.003329	1.327122	0.745694	0.344037	1.272514	2.029413	1.001583	2.938118	0.198298	0.712311	2.270239	3.978880	2.208291	2.850051	1.098145	0.323014	0.651775	2.091541	0.694950	0.322108	3.097048	1.773984	0.995090	2.623367	1.238543	0.900809	0.013165	0.110296
S006	0.290870	0.676823	1.429246	0.217766	1.487073	0.223667	1.073718	0.005923	0.950264	1.995703	2.128830	1.190582	0.968664	0.364477	0.637268	0.150848	2.066571	0.685098	0.450293	0.833587	1.607829	0.457040	0.293477	0.143198	0.306203	0.524788	3.668381	0.889196	1.171860	2.455781	1.030517	0.269196	0.736296	1.716308	0.641128	1.890812	0.421017	1.129543	0.749775	0.467344	0.807004	3.613360	0.267483	1.124501	4.570927	4.066917	3.744190	3.653596	1.119472	0.589328	2.373777	1.167913	2.738129	0.539725	0.460310	0.183076	0.475664	1.057419	0.332548	1.094212	0.170846	0.289144	0.894326	1.525895	1.079917	1.047674	0.457504	0.128314	0.571657	0.802671	0.258087	0.129628	1.128003	0.660382	0.222056	1.171267	0.309172	1.062556	0.106407	0.181213
S007	1.584879	3.681881	9.979664	1.126849	9.345223	1.684120	7.181415	0.171391	5.258773	12.402781	14.269316	6.603671	4.969449	2.146822	4.378013	1.079222	13.129745	4.631814	3.037389	5.627894	10.248157	3.327800	0.839687	0.877397	1.604027	2.829186	13.624878	2.113628	4.056540	8.921283	3.842310	0.638449	1.980718	6.513799	2.435409	6.277186	1.511757	4.629976	2.715916	1.229013	3.139435	14.058811	0.905057	3.644078	17.103624	15.000279	14.206946	13.666196	4.288660	2.033769	8.472835	4.344070	19.938700	2.908206	1.928538	0.928942	3.473973	5.146074	2.385316	8.292060	0.532198	1.550586	5.721203	9.815828	6.045335	7.509739	2.721235	0.719929	1.548705	5.435807	0.971872	0.593276	8.090140	5.095622	1.466403	7.261636	2.202970	2.236095	0.250132	0.027936
S008	1.598257	5.205568	14.714490	0.853446	13.459481	1.803770	10.483590	0.052100	6.939430	17.306919	20.684173	9.403897	7.249270	1.911133	6.434545	1.492375	18.594804	6.642944	4.140207	8.155674	15.129040	4.666207	0.918539	1.171159	2.316667	3.996969	5.518464	0.906829	1.760821	3.542636	1.782615	0.178607	0.761902	2.682734	1.046273	2.556345	0.890170	1.903665	1.119299	0.673833	1.900940	6.841997	0.362670	1.523656	6.878585	6.016497	6.110342	5.734234	3.159745	0.851741	3.480796	1.763594	2.963572	0.923935	0.480255	0.142579	0.502024	0.930115	0.646009	0.954260	0.634403	0.619990	0.949300	1.174836	0.768256	0.911475	0.763553	0.774257	0.478537	0.691905	0.972686	0.272232	1.077503	0.866353	1.405734	1.102247	1.566277	0.511886	0.168296	0.194733
S009	0.456172	0.546651	1.169355	1.268483	1.693994	0.277547	0.754751	0.097267	0.785712	1.905949	1.837341	0.834094	0.798192	0.696606	0.490240	0.159945	2.083597	0.703594	0.636158	0.896168	1.178043	0.375681	0.556916	0.187698	0.585373	0.755315	9.806828	1.670885	2.889268	6.436104	2.852142	0.819200	1.525079	4.685512	1.728155	4.830902	0.855123	2.983941	1.930457	0.921086	2.860019	9.629760	0.622188	2.613949	12.397928	11.048657	9.881726	9.925614	2.996153	1.646323	6.110151	3.122426	24.818921	3.076575	2.389789	1.129560	4.414412	6.256698	2.739301	10.048141	0.524443	1.678757	6.945246	12.273325	7.344741	9.540875	3.609816	0.877507	1.616749	6.914679	0.123219	0.747677	9.547110	5.983463	0.808205	8.762851	1.802979	2.654040	0.108845	0.025278
S010	0.684162	1.934230	5.334482	0.877278	5.173126	0.731149	4.167594	0.399042	2.519264	6.287623	7.791853	3.437080	2.669988	0.677650	2.350908	0.644267	6.703409	2.439531	1.763443	3.080740	5.508840	1.691689	0.259469	0.409560	0.895743	1.620071	1.632225	0.370478	0.467523	1.044938	0.459875	0.353977	0.297270	0.863450	0.281501	0.779510	0.290579	0.526061	0.330055	0.161329	0.787226	2.181087	0.164349	0.470223	2.615438	1.893057	2.083370	1.678276	0.670664	0.265056	1.310542	0.591519	11.220344	1.612953	1.072898	0.527364	1.914008	3.005617	1.338772	4.434444	0.200593	0.727513	3.016193	5.359423	3.291943	4.259563	1.727416	0.340621	0.825028	3.030597	0.370701	0.384585	4.162838	2.733967	0.817344	3.957399	1.325755	1.376172	0.017917	0.043734
S011	0.641795	1.809238	5.171632	0.239286	4.795901	0.661921	3.729708	0.018185	2.522828	6.263179	7.776264	3.612059	2.618046	0.802854	2.273110	0.857155	6.666205	2.405218	1.716997	2.883332	5.313208	1.669435	0.432403	0.680950	0.819022	1.369864	4.394544	0.750155	1.329611	2.849703	1.217824	0.179069	0.676561	2.082350	0.830286	2.311738	0.511369	1.297973	0.931292	0.470429	1.628727	4.711667	0.319561	1.220008	5.427283	4.987802	4.568037	4.433189	1.540432	1.185822	2.698307	1.927839	3.662035	0.619864	0.365122	0.452211	0.648721	0.927984	0.489458	1.588635	0.167007	0.917953	1.213553	1.645065	0.972262	1.273283	0.588776	0.209325	0.315255	1.256778	0.352986	0.457613	1.368811	0.895227	0.934969	1.244013	0.789266	0.428511	0.035571	0.010768
S012	0.307846	0.602812	1.215039	1.216723	1.592944	0.273758	0.945741	0.348958	0.822989	1.886878	2.137260	0.971023	0.628006	0.515135	0.577740	0.174907	1.889686	0.847306	0.745764	1.029151	1.301890	0.439369	0.407976	0.198062	0.285535	0.438293	5.821678	0.972339	1.645669	3.740138	1.632126	0.786370	1.020492	2.952819	1.162663	2.612252	0.585625	1.778082	1.125691	0.501971	2.063331	6.125347	0.371255	1.746422	7.314979	6.685221	5.770045	5.941638	2.101495	0.898408	3.599369	1.809219	24.952977	3.035052	2.633381	1.115425	4.606442	6.408218	2.754734	10.204406	0.360278	1.655081	6.999960	12.297059	7.694197	9.499837	3.434949	0.829208	1.642378	7.272871	0.183381	0.579660	9.421376	5.640284	0.784825	9.510815	1.735128	2.838196	0.237051	0.026594
S013	0.847173	2.614746	7.495714	0.200910	6.755359	0.920752	5.476045	0.189010	3.521673	8.898933	10.575576	4.695989	3.714053	0.988591	3.400012	1.034726	9.550087	3.434150	2.127097	4.359469	7.798204	2.558061	0.451831	0.987455	1.340901	2.236830	1.650967	0.332536	0.522043	1.324224	1.172635	0.087999	0.269454	0.972976	0.298779	0.808447	0.623954	0.748783	0.352839	0.463187	0.845313	2.427509	0.409434	0.478302	2.080762	1.850108	1.940729	2.109448	0.674185	0.610109	1.052003	0.555083	3.057334	0.651317	0.402636	0.173676	0.730540	0.822413	0.498492	1.107510	0.217053	0.411053	0.804039	1.357202	0.891739	1.335232	0.437567	0.129111	0.516099	0.771788	0.785113	0.179674	1.086223	0.634811	0.746896	1.058161	0.899438	0.434517	0.026115	0.031051
S014	1.211160	4.156595	11.066346	1.081854	10.095528	1.371847	7.870619	0.053782	5.240299	13.035689	16.198380	7.002707	5.476447	1.438407	5.547408	1.115628	13.848779	5.143508	3.557233	6.180906	11.304049	3.491397	0.514808	0.812972	1.831693	3.140737	3.502662	0.739517	1.099275	2.302074	0.997380	0.392044	0.600423	1.825626	0.647153	1.733242	0.637077	1.734129	0.756209	0.347929	1.148224	4.618795	0.262318	1.044680	4.507146	4.008951	3.926566	3.767670	1.437748	0.628025	2.238429	1.135790	13.328038	2.196065	1.262859	1.316724	2.388820	3.421891	2.508723	5.307001	0.561245	0.992727	3.589739	6.244799	3.860208	4.822431	1.831651	0.454981	1.046059	3.576542	0.767027	0.727522	4.827462	3.116046	1.359575	4.709182	1.864573	1.515705	0.022584	0.029140
S015	1.485215	4.088775	11.767465	0.356357	10.489742	1.620610	8.305959	0.247558	5.631796	13.792095	16.665903	7.266539	5.873345	1.598747	5.338402	1.167317	14.646470	5.298261	3.257080	6.530220	11.951216	4.617430	0.556444	0.859539	2.039239	3.056663	5.419405	0.978747	1.588494	4.113982	1.565586	0.326058	0.763390	2.669582	0.968961	2.948930	1.076264	1.670730	1.109691	0.542029	1.142127	6.471904	0.350965	1.694839	7.065360	5.893332	5.979027	5.648159	1.961637	0.840043	3.401773	1.773093	4.435562	1.020023	0.448479	0.176513	0.999559	1.222203	0.897287	1.917541	0.209458	0.795811	1.433763	1.941287	1.236387	1.561431	0.553198	0.169105	0.579656	1.253706	1.001583	0.303214	1.643937	0.954141	1.476941	1.623592	1.400240	0.607253	0.006570	0.329237
S016	0.494623	0.496997	1.204974	0.443637	1.250696	0.161858	0.894011	0.367735	1.022584	1.894618	1.806027	0.798840	0.705379	0.613649	0.940389	0.177833	1.986281	0.666177	0.523551	0.711979	1.221360	0.544414	0.441803	0.301936	0.223036	0.465488	7.710404	1.070424	2.317460	5.005066	2.193638	0.292481	1.059581	3.573837	1.427810	3.562247	0.661315	2.366500	1.508547	0.769360	1.630442	7.370938	0.487819	2.372816	9.848985	8.393389	7.782413	7.543070	2.297893	1.152405	4.745337	2.585048	7.643905	1.902638	0.727979	0.579852	1.349411	1.974283	0.966692	3.036223	0.117186	0.621967	2.259798	3.706033	2.227515	2.879051	1.053174	0.306677	0.732678	2.052933	0.838129	0.288811	3.167794	1.795342	0.309934	2.607298	0.634996	0.828257	0.129054	0.082345
S017	0.707543	2.219008	6.184408	0.399034	5.705082	0.788483	4.412267	0.052933	2.932057	7.464579	8.729236	3.862715	3.371722	0.960679	2.716197	0.648844	7.789718	2.844239	2.040247	3.667388	6.465320	2.447946	0.351284	0.462614	0.983713	1.618115	3.474810	0.649898	1.056274	2.226530	0.956741	0.203437	0.696933	1.706162	0.613390	1.627344	0.515488	1.117441	0.716566	0.736346	0.840444	4.176521	0.232064	1.016053	4.278139	3.777073	3.687714	3.575330	1.162749	0.544137	2.215018	1.199287	6.339234	1.018771	0.607706	0.589785	1.161100	1.623165	1.072122	2.552527	0.374799	0.770196	1.743223	3.121337	1.814633	2.410856	1.116363	0.211551	0.544409	1.678234	0.466573	0.311692	2.411117	1.406581	0.819193	2.194813	1.017943	0.849194	0.087836	0.054152
S018	0.421109	1.190972	2.971980	0.539102	2.866227	0.745953	2.167799	0.187445	1.450470	3.583183	4.454564	1.924772	1.520872	0.568686	1.576385	0.538663	3.790733	1.643209	1.148887	2.208268	3.132139	0.936096	0.267880	0.258471	0.587021	1.113721	2.514468	0.509835	0.734290	1.674913	0.728206	0.306798	0.429555	1.336778	0.452673	1.187197	0.304088	1.179743	0.553634	0.476917	0.923040	2.847102	0.172016	0.705434	3.413365	2.960443	2.640763	2.584566	1.376773	0.628214	2.063917	0.905872	10.973480	1.479448	1.144859	0.840571	2.130965	2.763382	1.394149	4.444073	0.173486	0.712159	2.971195	5.826731	3.267507	4.167424	1.541109	0.466801	0.868674	3.000218	0.216307	0.234475	4.211177	2.547099	0.600718	3.870843	1.350620	1.270954	0.416759	0.416468
S019	0.546640	1.497062	4.245421	0.328546	3.912618	0.552915	3.219969	0.026055	2.116469	5.123542	5.981110	2.654810	2.084265	0.634287	1.928480	0.452640	5.394844	1.945085	1.218562	2.450783	4.353216	1.328490	0.442782	0.356236	0.706768	1.191516	3.252906	0.544713	1.095139	2.132439	0.915890	0.180226	0.474704	1.620925	1.037042	1.564757	0.533479	1.086475	0.747809	0.490275	0.847546	3.605380	0.208862	0.878590	4.066739	4.009796	3.808455	3.313773	1.063929	0.488873	2.022306	1.114424	4.023804	0.812427	0.383368	0.170124	0.660290	1.039059	1.051975	1.688858	0.272367	0.513347	1.149468	1.861267	1.163581	1.613700	0.529422	0.167400	0.334659	1.107337	0.355291	0.247457	1.655637	0.881226	0.480970	1.355135	0.644526	0.536962	0.170223	0.017296
S020	0.310261	0.521162	1.301457	0.097415	1.271429	0.263660	0.978239	0.057099	0.918836	1.874677	1.815837	1.099229	0.744772	0.398683	0.628156	0.157817	1.908718	0.668493	0.407595	1.107981	1.345422	0.472122	0.190195	0.231228	0.225527	0.637056	4.569535	0.639820	1.325065	2.976091	2.027560	0.156086	0.606211	2.138357	0.795766	2.133924	0.418263	1.348606	1.077122	0.485656	1.019884	4.409871	0.330514	1.267978	5.671450	5.004136	4.883902	4.659994	1.561918	0.681469	3.085929	1.677660	0.763292	0.131872	0.558831	0.116845	0.210556	0.285452	0.184371	0.266796	0.034400	0.333510	0.310468	0.372619	0.278304	0.217292	0.134635	0.080145	0.345768	0.194201	0.101046	0.321665	0.498075	0.200075	0.148175	0.200085	0.345109	0.401691	0.086640	0.012383
S021	0.236493	0.459458	1.208585	0.194802	1.146835	0.247458	0.905012	0.052430	0.648820	1.684791	2.033571	0.799981	0.602517	0.301521	0.546459	0.130905	1.664850	0.797623	0.359266	0.688999	1.259231	0.385732	0.137113	0.159575	0.322209	0.769697	2.735991	0.388397	0.815901	1.994371	0.802123	0.298358	0.474936	1.376324	0.518644	1.256106	0.268971	0.844865	0.542068	0.242680	0.589015	2.712389	0.216342	0.941448	3.528016	3.177070	2.833024	2.720778	1.083560	0.470211	1.715286	1.182078	2.238510	0.411269	0.215951	0.159833	0.776053	0.574909	0.343575	0.932477	0.088440	0.205229	0.858179	1.151808	0.650583	1.002527	0.325653	0.167045	0.179501	0.616049	0.701870	0.132322	1.022627	0.719293	0.179116	0.869504	0.469777	0.486591	0.118872	0.003687
S022	0.644351	1.101357	2.992655	0.390223	2.751270	0.362158	2.138172	0.016989	1.948637	4.123137	4.269437	2.034715	1.465204	0.911889	1.346339	0.316887	4.317399	1.441374	0.911625	1.647980	3.581202	1.022247	0.537566	0.331271	0.705167	0.899981	10.570632	1.637951	3.288245	6.959274	3.013914	0.187151	1.383277	4.945102	1.838565	5.056056	0.952373	3.517814	2.416996	1.089148	1.914280	10.238641	0.754822	2.777809	13.079984	11.402002	10.792919	10.472417	3.292772	1.554384	6.546803	3.367836	2.681191	0.739544	0.533563	0.257001	0.443326	0.883211	0.505400	1.319967	0.083535	1.177638	1.086514	1.290130	1.061844	1.242872	0.362300	0.243184	0.269268	0.775718	1.093824	0.279865	1.360794	0.780252	0.334185	0.927188	0.494649	0.326816	0.004680	0.471275
S023	0.679964	1.643593	4.607351	0.242807	4.305783	0.583163	3.302813	0.016537	2.379421	5.689794	7.365301	2.891759	2.288757	0.819127	2.032304	0.501032	6.163246	2.267291	1.312375	3.320145	4.736160	1.976200	0.393814	0.495285	0.760739	1.283864	5.310439	0.935312	1.581151	3.480391	1.793089	0.134716	0.921845	2.623175	1.074685	2.468402	0.581464	1.580120	1.059998	0.481601	1.111817	5.589774	0.617019	1.450282	6.934093	5.751435	5.524436	5.455387	1.795370	0.879515	3.292146	2.201527	3.276711	0.842125	0.446202	0.214178	0.542252	0.893625	1.167048	1.349345	0.293012	0.349710	1.313008	1.540070	1.002434	1.324971	0.722774	0.278916	0.489626	0.871995	0.345292	0.562136	1.366682	0.809775	0.500628	1.318989	0.649472	0.416819	0.779239	0.040712
S024	0.569048	1.055516	3.029790	0.190987	2.726380	0.364710	2.116932	0.031373	1.647452	3.815086	4.186104	1.868415	1.533194	0.654969	1.295747	0.444535	4.186158	1.408551	0.969336	1.680375	3.255029	0.937083	0.731483	0.310226	0.469062	1.052464	5.950754	0.931685	1.704350	3.845284	1.666097	0.134373	0.808561	2.717471	1.077872	2.944177	0.586210	1.739597	1.218029	0.899069	1.108689	5.752704	0.464191	2.204409	7.182891	6.363561	5.945720	5.814433	1.774139	1.184427	3.807811	1.944767	2.158835	0.372172	0.226371	0.090619	0.430476	0.661038	0.440701	1.113966	0.085169	0.411360	0.822997	0.991503	0.570821	0.767498	0.268690	0.119204	0.295547	0.576367	0.213827	0.582120	0.919086	0.631037	0.458304	0.789695	0.439221	0.296409	0.117996	0.008004
S025	0.198137	0.516981	1.353734	0.380821	1.371022	0.211190	1.025064	0.257300	0.726504	1.753532	2.196034	0.884573	0.724217	0.254896	0.675216	0.148133	1.851716	0.645305	0.494719	0.782143	1.730801	0.560183	0.296423	0.294112	0.319974	0.424460	2.024016	0.387744	0.642732	1.703964	0.682900	0.192284	0.464273	1.036319	0.460000	1.127981	0.215283	0.779085	0.386963	0.381049	0.646086	2.038931	0.175152	0.533249	2.630047	2.205439	2.016840	1.938673	0.615968	0.442703	1.224976	0.630674	7.369340	0.934129	0.699635	0.327016	1.290981	1.947944	0.897243	2.996677	0.264737	0.874001	2.051786	3.581299	2.188601	2.772810	1.007446	0.269382	0.598761	2.073308	0.104410	0.533665	2.770916	1.676585	0.324944	2.630273	0.608459	1.049332	0.025796	0.025239
S026	0.849117	1.506333	4.211562	1.263211	4.001841	0.599021	3.058219	0.105302	2.293244	5.908059	6.109158	3.086129	2.126690	1.172417	1.895358	0.846230	6.027721	2.317620	1.583157	2.355197	4.330206	1.476311	0.702108	0.517107	0.698984	1.355716	13.334764	1.843693	3.669604	8.318642	3.562960	0.328130	1.772568	5.938559	2.300256	5.794970	1.168534	3.755666	3.475283	1.130480	2.451950	12.458906	0.803893	3.352266	15.778188	13.787441	12.970401	12.690330	3.881818	1.885833	8.036064	4.061704	7.798676	1.197637	0.877552	0.346717	1.529294	2.186822	1.678899	3.208622	0.217071	0.967703	2.664280	3.796363	2.629550	2.977730	1.116564	0.357261	0.648619	2.261722	0.331463	0.615234	3.289686	1.878182	0.763691	2.723890	0.895369	0.904911	0.118870	0.042445
S027	0.664343	0.944991	2.652123	0.310251	2.510530	0.329200	2.103578	0.011418	1.561167	3.185953	3.713282	1.645448	1.468630	0.444857	1.134293	0.419974	3.367618	1.195945	1.017678	1.464941	2.920826	1.060279	0.304138	0.226689	0.412009	0.717886	3.073283	0.471057	1.080960	1.982023	0.855313	0.226467	0.445987	1.532711	0.528035	1.788303	0.318612	0.910120	0.592100	0.329345	0.749584	3.253950	0.260357	0.911527	3.855365	3.281188	3.418657	2.977982	0.943076	0.439819	1.878007	0.976243	5.017245	0.705149	0.490424	0.476470	1.290822	1.278026	1.153398	1.996461	0.094853	0.465036	1.423872	2.534917	1.722989	1.886595	0.772223	0.172301	0.443747	1.639604	0.224726	0.318712	1.912729	1.128796	0.418188	1.933518	0.605363	0.657739	0.020395	0.299259
S028	0.453222	0.925253	2.467548	0.626792	2.500870	0.334996	1.768196	0.017897	1.261133	3.260981	3.676132	1.599353	1.240014	0.545679	1.136094	0.268814	3.375232	1.217698	0.906085	1.385622	2.593184	0.846762	0.322976	0.464602	0.607540	0.776014	4.942578	0.837537	1.376186	3.153549	1.359136	0.503707	1.072265	2.340141	0.838270	2.244796	0.463353	1.450001	1.331369	0.449659	1.297444	4.874165	0.767497	1.333270	6.064962	5.330164	4.914532	4.752811	1.500853	0.821609	3.007904	1.518583	11.396781	1.554665	1.180272	0.552007	2.041379	2.864038	1.284951	4.573039	0.182902	0.977779	3.259788	5.530126	3.341354	4.273039	1.555646	0.393400	0.776111	3.153819	1.102792	0.281443	4.345116	2.630301	0.527109	3.976214	0.954759	1.555008	0.019699	0.256325
S029	0.553554	0.656383	1.727248	0.279912	1.646366	0.493737	1.471076	0.110704	0.933046	2.240940	2.499149	1.683295	0.894811	0.387210	1.894034	0.292072	3.100005	0.886557	0.557557	0.980912	1.776408	0.547702	0.365821	0.186414	0.428422	1.587507	3.613479	0.954182	1.137443	2.542650	1.005407	0.371488	0.524213	1.838725	0.620781	1.876651	0.353158	1.191956	1.356446	0.321301	0.762227	3.559376	0.284709	0.976517	4.447287	3.918382	3.652458	3.543538	1.095518	0.525703	2.215381	1.133446	3.874122	0.664859	0.377543	0.246048	0.667473	1.015450	0.459655	1.685362	0.350999	0.374751	1.497718	1.883476	1.216783	1.460350	0.539060	0.146528	0.353741	1.288542	0.477590	0.172726	1.548757	1.081446	0.258865	1.360114	0.550552	0.471597	0.406815	0.006130
S030	0.521077	0.857501	2.223569	0.608561	2.147699	0.584662	1.678799	0.010916	1.308639	3.130507	3.387445	1.513991	1.102996	0.757037	0.979419	0.337730	3.300306	1.097054	0.680650	1.569348	2.413229	0.762516	0.383486	0.290314	0.353786	0.695598	8.558967	1.249513	2.621084	5.700252	2.388452	0.353087	1.353486	4.004609	1.491215	4.068535	0.826350	2.649015	1.756382	0.766570	1.682071	8.386627	0.648120	2.491624	10.791739	9.302639	8.810233	8.532717	2.611532	1.891667	5.401610	3.041552	5.509562	1.062357	0.591355	0.247031	0.945472	1.711899	0.671393	2.386934	0.117967	0.572406	1.803265	2.894835	1.700724	2.411227	0.864118	0.481443	0.639306	1.536006	0.269876	0.240863	2.514545	1.347324	0.347490	2.245217	0.609385	0.833055	0.276003	0.020330
S031	0.422476	0.547065	1.482061	0.264209	1.452073	0.197489	1.055649	0.083258	1.120723	2.285958	2.122284	1.131144	1.035970	0.604888	0.735871	0.396768	2.616383	0.776218	0.487792	0.826154	1.523709	0.499116	0.382011	0.193714	0.380566	0.567042	7.981893	1.193026	2.393361	5.171749	2.460282	0.388032	1.125847	3.674595	1.775857	3.751103	0.858696	2.393084	1.563695	1.307936	1.459518	7.606000	0.632518	2.231990	9.822581	8.565428	8.126513	7.977606	2.363623	1.210921	4.910860	2.525952	2.888736	0.786970	0.327334	0.129634	0.626184	0.849028	0.367207	1.219609	0.218180	0.469755	1.049407	1.392695	0.903707	1.107719	0.581076	0.163613	0.305483	1.241481	0.208001	0.239296	1.484584	0.986306	0.288502	0.996822	0.353413	0.533178	0.005366	0.195676
S032	1.263234	3.459849	9.959624	0.741598	9.018944	1.223046	7.035157	0.043722	4.666360	11.563100	13.932585	6.175366	4.960585	1.493230	4.605055	1.175853	12.303602	4.479361	3.113113	5.729893	10.030923	3.302155	0.511037	0.785119	2.094975	2.585286	5.136142	0.976062	1.332474	3.116850	1.727372	0.350359	0.679195	2.235960	1.094895	2.075615	0.732616	2.058127	1.222863	0.529649	1.407499	5.359602	0.307966	1.277054	5.738359	5.007994	4.979157	4.646830	1.688608	0.691191	2.791899	1.443896	13.284342	1.968375	1.303338	0.617500	2.283950	3.408197	1.669913	5.230010	0.359849	0.948397	3.633421	6.337642	4.745374	4.907640	1.791712	0.425367	1.048351	3.607828	0.787122	0.490942	5.005006	3.003680	1.353334	4.629692	1.841265	1.521386	0.304167	0.121553
S033	0.542349	0.661674	1.889443	0.184830	1.734708	0.474229	1.337156	0.046894	1.112715	2.497237	2.731215	1.164233	0.925110	0.499014	0.933841	0.249931	2.660805	0.890354	0.579123	1.062152	2.182601	0.741027	0.846848	0.225848	0.326003	0.814557	5.337065	0.732074	1.531512	3.577910	1.482132	0.438914	0.790433	2.627770	1.110403	2.835762	0.489894	1.615241	1.066223	0.469707	1.030476	5.383559	0.382488	1.440707	6.590030	5.872719	5.410867	5.280482	1.601704	0.783554	3.302004	1.825136	2.350555	0.366201	0.238692	0.115574	0.374760	0.615096	0.536211	1.076140	0.080153	0.352172	0.814252	1.145100	0.698105	0.881114	0.308430	0.123487	0.176683	1.090079	0.187233	0.565894	1.004786	1.010366	0.278446	0.825799	0.323419	0.298557	0.229688	0.004431
S034	1.063494	3.549213	10.205045	0.541435	9.636366	1.252348	7.362557	0.527802	4.765798	11.834633	14.367028	6.488772	5.045223	1.237036	4.433886	1.052312	12.658571	4.650442	3.080847	5.652503	10.440428	3.279073	0.429094	0.752466	1.604708	2.665478	2.542797	0.552586	0.778513	1.682504	0.717049	0.629085	0.473379	1.354621	0.509891	1.237017	0.553558	0.810131	0.549568	0.289591	0.754860	3.588887	0.220091	0.758203	3.356170	2.855033	2.924904	2.780800	1.320321	0.405359	1.673920	1.108920	7.901627	1.399209	0.772391	0.464362	1.376353	2.086431	1.094027	3.289046	0.217650	0.655355	2.093822	3.701162	2.275584	3.020451	1.041499	0.248004	0.698852	2.121026	0.698590	0.239977	2.956856	1.985849	1.115388	3.209153	1.453942	1.058970	0.031079	0.036588
S035	1.315291	3.954896	11.358693	0.723438	10.222079	1.590243	8.164359	0.132907	5.415303	13.334718	16.155421	7.221940	5.641291	1.486663	4.937594	1.219242	14.275404	5.244889	3.263956	6.509007	11.682250	3.650880	0.533418	0.859906	2.025105	3.268881	4.472839	0.808713	1.331779	2.859913	1.251999	0.390929	0.727128	2.169916	0.951853	2.102505	0.710811	1.332388	0.899236	0.436814	0.983914	5.429114	0.710650	1.546164	5.476033	4.806053	4.827820	4.618479	1.577066	0.725456	2.725842	1.457952	5.904579	1.144161	0.575882	0.242689	1.293679	1.579314	0.966121	2.207643	0.303733	0.825518	1.613174	3.074767	1.655880	2.075505	0.758950	0.351516	0.585403	1.591162	0.751308	0.247037	2.484284	1.334999	1.191859	2.030342	1.433883	0.874955	0.189297	0.174765
S036	0.852665	1.764119	4.957601	0.870107	4.495430	0.675126	3.525440	0.039287	2.383268	6.095265	6.928066	3.520732	2.407134	0.863802	2.134634	0.704620	6.364350	2.455170	1.460737	2.701589	4.978921	1.563540	0.374898	0.663829	0.770911	1.348307	6.049494	0.914591	1.767777	3.980169	1.843020	0.467183	0.891764	3.192463	1.150135	2.784764	0.646981	1.844368	1.206698	0.709653	1.331235	6.271027	0.394204	1.733831	7.659368	6.632834	6.281144	6.158314	1.922681	0.913327	4.019140	2.004901	7.085264	1.130808	0.787057	0.313484	1.235804	1.862708	0.895925	2.795536	0.156513	0.746697	2.063941	3.680441	2.052967	2.813013	1.339671	0.280520	0.543788	2.159993	0.435961	0.301627	2.907073	1.631644	1.541040	2.660865	0.967830	0.805568	0.035549	0.057554
S037	0.532111	1.478816	4.630514	0.453967	4.091456	0.547160	2.969342	0.022205	2.089630	4.834283	5.855466	2.638161	2.415442	1.107162	1.791362	0.418450	5.330579	2.051736	1.447830	2.288065	4.382735	1.316602	0.217372	0.519200	0.655065	1.068418	1.636313	0.709688	0.483936	1.113609	0.613141	0.191887	0.272480	1.034696	0.356889	0.832271	0.273938	0.534094	0.337079	0.179330	0.602110	2.072371	0.181688	0.482833	2.248240	1.896167	1.798540	1.883635	0.661283	0.286573	1.027356	0.553842	7.616092	1.169313	0.725572	0.330735	1.605975	1.954246	0.999040	3.013072	0.142699	0.520768	2.083485	3.741273	2.328296	2.879320	1.025333	0.271245	0.743801	2.131265	0.340930	0.265383	2.804536	1.724710	0.580736	2.668892	0.867157	0.911898	0.180784	0.069989
S038	0.569293	1.086144	2.898474	0.590418	2.997082	0.509987	1.961766	0.092839	1.338362	3.289853	4.070431	1.762866	1.367240	0.492672	1.202023	0.334344	3.792191	1.405077	0.929508	1.554488	2.842555	1.028389	0.189250	1.239405	0.578582	0.741359	1.714187	0.388783	0.467719	1.026019	0.448597	0.275219	0.449543	0.827751	0.275106	0.733996	0.229484	0.531668	0.443623	0.145098	0.739444	2.402972	0.114362	0.498768	2.131356	2.090102	1.668462	1.593562	0.612350	0.241906	1.729295	0.725852	11.094732	1.553480	1.086889	0.628159	1.897965	2.859660	1.242846	4.430421	0.380812	0.711086	3.143686	5.388686	3.273323	4.396579	1.579931	0.346705	0.759452	3.078838	0.202395	0.216503	4.702954	2.494235	0.607614	3.820377	1.008537	1.214704	0.299887	0.164134
S039	1.777851	5.084025	14.646253	0.634125	13.261373	1.848668	10.513056	0.072918	6.941474	17.345570	20.581800	9.215066	7.437945	2.082373	6.334891	1.538452	18.527462	7.353799	4.415672	8.114003	14.933753	4.625604	0.775736	1.129479	2.310490	3.814407	8.519197	1.503677	2.476717	5.745818	2.388205	0.385076	1.173864	4.457091	1.619716	4.026324	1.146230	2.558518	1.752295	0.873409	1.824234	9.595135	0.592508	2.404120	10.670616	9.339133	9.069824	8.749991	2.866452	1.291940	5.294271	2.709981	9.865406	1.971596	0.964995	0.539180	1.801453	2.633613	1.494081	3.996516	0.299476	0.885887	2.796929	4.585170	2.824612	3.628644	1.406831	0.416079	0.969611	3.546393	1.061247	0.444207	3.799674	2.184427	1.565124	3.352717	2.056484	1.283349	0.076350	0.071963
S040	0.955064	2.839156	8.186103	0.269661	7.350432	1.369502	5.727210	0.193118	3.778275	9.402559	11.508688	5.027427	3.971018	1.147928	3.519546	0.800348	10.075109	3.768977	2.466615	4.457545	8.219120	2.533920	0.333869	0.697344	1.281144	2.170155	3.260363	0.512785	0.783040	1.773801	0.762546	0.102233	0.369677	1.413361	0.470323	1.262854	0.462334	1.116707	1.130239	0.351789	0.638078	3.382210	0.187701	0.902183	3.352490	2.908144	3.064181	2.951919	1.093424	0.469019	1.663369	0.849859	3.395168	0.702630	0.359286	0.253826	0.692662	1.058372	0.715055	1.180982	0.415843	1.045456	0.957868	1.540088	0.925745	1.472529	0.477795	0.223906	0.412072	0.822401	0.615498	0.214562	1.294774	0.744334	0.880847	1.090463	0.970416	0.619213	0.168400	0.069072
S041	0.670249	1.592965	4.473847	0.271305	4.042105	0.560584	3.133233	0.315903	2.286969	5.580814	6.159181	2.734509	2.169643	0.830098	1.903150	0.464699	5.896326	2.047317	1.315545	2.491178	4.531114	1.384820	0.407505	0.380313	0.774382	1.183507	5.990466	0.860745	1.820316	4.046657	1.694417	0.140642	1.433390	2.846699	1.306353	2.810003	0.652445	1.772611	1.217499	0.545003	1.119102	6.562081	0.393813	1.584946	7.560113	6.499059	6.263317	6.003143	1.871060	0.888793	3.800109	1.942115	3.794436	0.826565	0.356855	0.377206	0.615957	1.019064	0.472376	1.345462	0.103562	0.539739	1.013885	1.490825	1.001840	1.221649	0.409948	0.462613	0.280794	0.862161	0.293987	0.195517	1.317134	0.783206	0.506150	1.121400	0.618507	0.383215	0.061288	0.048518
S042	0.760202	0.934624	2.597561	0.951407	2.642340	0.487482	1.925942	0.084934	1.578343	4.025311	3.817024	2.181167	1.495318	0.998260	1.291653	0.327649	4.059739	1.302040	0.806416	1.579291	2.770279	0.847728	0.577743	0.326404	0.435291	0.921764	12.985547	1.789414	3.696738	8.417307	3.734243	0.262989	2.083828	6.530656	2.239487	5.828215	1.339401	3.790217	2.523852	1.124507	2.730453	12.530971	0.839876	3.442365	15.874181	13.831997	12.980191	12.665122	3.823838	1.887121	7.927607	4.136671	4.969349	0.737453	0.668550	0.282390	0.848514	1.526596	0.736437	2.463326	0.321884	0.606844	1.883106	2.443043	1.526565	1.908856	0.685857	0.260554	0.384201	1.739946	0.211677	0.307742	2.262100	1.249216	0.377533	1.859151	0.717530	0.727737	0.013641	0.011872
S043	1.127259	3.438664	9.646231	0.618796	8.885539	1.248965	7.173824	0.395384	4.602298	11.969077	13.729029	6.197252	4.786244	1.450716	4.204549	1.025211	12.219076	4.531334	2.786685	6.174265	9.967677	3.077223	0.518669	0.971875	1.567968	2.574816	5.420522	0.953770	2.065571	3.518879	1.510446	0.312822	0.891474	2.726172	1.219401	2.502029	0.767918	1.757320	1.142685	0.514640	1.499936	6.187818	0.350834	1.710073	6.797748	6.073899	5.781201	5.740330	1.853407	1.099115	3.542260	2.260255	11.034056	1.777722	1.196030	0.566904	1.965933	3.076277	1.449295	4.328559	0.286755	1.059254	3.207957	5.236580	3.248665	4.066079	1.508578	0.366240	1.109407	3.198598	0.978777	1.042922	4.391785	2.469526	1.186522	3.844216	1.746531	1.448824	0.109133	0.358937
S044	0.330255	0.839731	2.321788	0.576108	2.760525	0.573580	1.716505	0.022082	1.433750	2.964627	3.861843	1.472500	1.149674	0.834508	1.044958	0.315678	3.053855	1.141914	0.869548	1.391973	2.401983	0.738743	0.323536	0.196007	0.480963	0.671135	3.403751	0.505491	1.266009	2.125500	1.000608	0.182591	0.836244	1.559309	0.605215	1.604287	0.464842	1.093179	0.653376	0.300614	0.832638	3.459142	0.691677	0.929261	4.119719	3.641341	3.484914	3.366385	1.021758	0.606778	2.038225	1.054919	6.019142	0.899420	0.607676	0.708296	1.034308	1.642439	0.698019	2.688089	0.123231	0.471453	2.079291	2.889700	1.748726	2.285617	1.202460	0.233024	0.434517	1.898476	0.252310	0.156078	2.288622	1.427285	0.490707	2.284482	0.858677	1.018466	0.015604	0.015050
S045	0.375048	1.445034	4.045084	1.087344	3.766013	0.843216	2.750285	0.021707	1.895348	4.428514	5.764531	2.756781	2.017622	0.428747	1.672956	0.615399	4.788605	2.092637	1.289538	2.194695	3.952561	1.257784	0.232544	0.368330	0.635117	1.024470	0.268267	0.264591	0.455168	0.207267	0.220777	0.464956	0.310557	0.294780	0.148213	0.226862	0.211007	0.270175	0.192423	0.036686	0.893380	1.429027	0.095597	0.304330	0.720950	0.643507	0.580562	0.623747	0.231903	0.244904	0.214955	0.084888	19.215961	2.514105	1.881844	0.847034	3.378810	4.792378	2.176754	7.755713	0.333774	1.339368	5.069847	9.393186	5.681818	7.347712	2.697512	0.624968	1.397913	5.864031	0.522442	1.445666	7.440706	4.942488	0.864052	6.815055	1.596535	2.073058	0.681814	0.288745
S046	1.230429	1.247319	3.123159	0.606826	3.011144	0.406180	2.335808	0.018270	1.619672	3.787935	4.886187	1.975094	1.565108	0.524241	1.483516	0.426040	4.038437	1.438741	1.011423	1.748247	3.172291	1.257474	0.312978	0.325901	0.508158	0.857578	3.545126	0.612841	1.047665	2.249984	0.973514	0.302052	0.551939	1.999470	0.605294	1.629685	0.397806	1.493792	0.694664	0.413961	1.076973	3.672209	0.248839	0.932475	4.389402	4.306030	3.539818	3.493835	1.361668	0.553531	2.197892	1.089355	11.385687	1.591474	1.408622	0.563709	2.072603	2.930426	1.383730	4.592796	0.402831	1.213552	3.406744	5.958720	3.455816	4.325990	1.586665	0.376899	0.934035	3.116408	0.290959	0.269283	4.372460	2.738541	0.599794	4.060503	1.009084	1.338586	0.186420	0.052874
S047	0.928138	2.097653	5.916630	0.888668	5.442420	0.746266	4.154707	0.146169	2.817508	6.980718	8.398641	3.795495	3.028717	0.860341	2.672319	0.619435	7.452258	2.700650	2.000981	3.335317	6.046172	1.837119	0.801146	0.445875	1.385003	1.912043	4.143724	0.753581	1.426466	2.873862	1.127087	0.349655	0.694238	2.018062	0.704458	1.913770	0.500497	1.276693	0.988149	0.391658	1.242695	4.436861	0.363538	1.718219	4.994522	5.146246	4.252363	3.995646	1.426188	0.588245	2.472393	1.292870	12.815738	1.795065	1.235514	0.688934	2.616959	3.660977	1.541826	5.151058	0.296810	0.871865	3.568680	6.181407	4.115776	4.775915	2.148037	0.412824	0.941605	3.494220	0.650678	0.314896	4.851815	2.977950	1.013075	4.481398	1.356307	1.491387	0.082631	0.124797
S048	1.105226	3.164425	8.953107	0.696468	8.142521	1.104104	6.306058	0.041200	4.231187	10.556268	12.641534	5.635854	4.399275	1.315440	4.272824	0.967798	11.412204	4.068559	2.545912	4.946445	9.233477	2.820895	0.613357	0.674084	1.401427	2.338581	5.792670	0.947689	1.672664	3.816214	1.611882	0.313239	0.951722	3.069618	1.090175	2.680414	0.942413	1.743823	1.180164	0.645252	1.379363	6.491153	0.425382	1.561198	7.200456	7.272466	6.096920	5.975617	1.925528	0.871005	3.611137	1.832446	9.661125	1.515237	0.935667	0.416288	1.633758	2.646165	1.270447	3.794320	0.364413	0.888142	3.001804	4.621266	3.163106	3.687303	1.515346	1.049590	1.173224	2.646578	0.839615	0.375293	3.713371	2.153957	1.048480	3.457422	2.080907	1.171701	0.341718	0.022072
S049	0.509336	1.772120	4.696129	0.928378	4.609282	0.632103	3.440932	0.104711	2.294818	5.916348	6.899845	3.063723	2.348712	1.065519	2.137614	0.550708	5.916093	2.232004	1.706449	2.632133	4.933528	1.499190	0.607733	0.527121	0.868165	1.296046	1.887261	0.668355	1.249253	1.360803	0.536352	0.474479	0.788773	1.050593	0.332085	0.871830	0.294432	0.785057	0.553185	0.178611	1.381040	2.502144	0.233900	0.662256	2.818910	2.355321	2.053278	2.000091	0.952976	0.340173	1.241384	0.612592	19.834297	2.663243	1.883705	0.872585	3.628406	4.958510	2.268062	7.968614	0.354333	1.363612	5.291583	9.937964	5.906277	7.484271	2.703767	0.597024	1.412167	5.430327	0.349120	0.391102	7.418572	4.478754	1.092010	7.154287	1.712502	2.339311	0.032084	0.254875
S050	0.466318	0.908914	2.408662	0.371091	2.277226	0.323210	1.721570	0.018918	1.156734	2.935654	3.382875	1.845046	1.695973	0.378906	1.045098	0.244123	3.604720	1.133652	0.690842	1.942200	2.446936	0.752610	1.332817	0.553377	0.414103	0.718979	2.230105	0.384378	1.139870	1.548482	0.615843	0.095582	0.313521	1.095190	0.398704	1.019182	0.283693	0.668637	0.473476	0.273375	0.515240	2.379409	0.252513	0.632743	2.743553	2.464568	2.334477	2.232912	0.707992	0.357722	1.947971	0.716141	3.095967	0.689973	0.384346	0.170312	0.587187	0.805877	0.484167	1.276874	0.109058	0.247247	0.889055	1.500391	1.063259	1.145530	0.434211	0.110184	0.353371	0.898262	0.162002	0.112920	1.544497	0.739499	0.355127	1.158184	0.428000	0.355948	0.027311	0.025095
S051	0.148620	0.383113	0.373022	1.197050	1.426843	0.157440	0.210191	0.199257	0.182388	0.514974	0.868934	0.596864	0.201599	0.233540	0.234074	0.072247	0.515673	0.565582	0.392982	0.165160	0.224030	0.065648	0.266840	0.059065	0.084677	0.325048	3.737974	0.720656	1.067825	2.558718	1.075894	0.639788	0.684709	2.085733	0.656083	1.748971	0.393020	1.415422	0.832950	0.414455	1.795598	3.854138	0.778649	1.036276	4.900612	4.496236	3.728577	3.742693	1.167887	0.754869	2.908453	1.617919	25.545213	3.061819	2.595681	1.217976	4.709810	6.482129	3.205492	10.407471	0.326434	1.782671	6.938350	12.504763	7.858651	9.748785	3.527245	0.853774	1.683852	7.047126	0.268326	0.425637	9.596345	5.853089	0.813168	9.126501	1.645697	2.691439	0.301154	0.026356
S052	0.551363	1.655996	4.829869	0.218774	4.301367	0.756607	3.683956	0.039752	2.257771	5.676288	6.738373	3.039596	2.387843	0.749148	2.111650	0.667485	6.029105	2.175929	1.775066	2.705144	4.892474	1.665813	0.611271	0.398804	0.751526	1.237098	1.764951	0.396967	0.572799	1.149424	0.581546	0.053563	0.420385	0.903669	0.405209	0.835440	0.318313	0.714080	0.360531	0.317192	0.348852	2.154252	0.226974	0.755170	3.121910	2.014452	1.934049	1.848440	0.655480	0.269922	1.090055	0.634335	2.295874	0.374547	0.198540	0.192658	0.961875	0.434760	0.304869	0.557343	0.643978	0.226150	0.826556	0.673418	0.580870	0.623368	0.205007	0.078891	0.318800	0.391866	0.941185	0.091021	0.627251	0.407540	0.469114	0.583763	0.546159	0.821208	0.123923	0.098914
S053	1.273858	3.524531	9.547625	0.433206	8.683324	1.297316	6.914229	0.067294	4.654102	11.434050	13.524284	6.135809	4.769152	1.359937	4.161141	1.155813	12.273127	4.579850	2.753241	5.330834	10.057124	3.030673	0.810391	0.716426	1.695786	2.524737	5.178652	0.872824	1.536497	3.536273	1.450924	0.328606	0.728843	2.531340	1.238243	2.407651	1.160285	1.565330	1.053796	0.501588	1.151410	5.934137	0.427691	1.436253	6.491174	5.675844	5.765145	5.369562	1.806557	1.142141	3.305457	1.650405	6.952466	1.208281	0.692301	0.625279	1.206275	1.840999	1.149125	2.695410	0.210499	0.750889	2.124303	3.259754	2.625526	2.539683	1.010847	0.258975	0.625217	1.853735	0.834540	0.264346	2.703729	1.536727	1.129676	2.386397	1.416948	0.931185	0.016612	0.015654
S054	0.303991	0.623840	1.181757	0.664269	1.283647	0.178451	1.092753	0.043665	0.635318	1.643276	1.830460	0.793570	0.594987	0.356691	0.643126	0.208261	1.721926	0.630409	0.868508	0.816974	1.270562	0.378763	0.453579	0.375290	0.215236	0.485686	4.709116	0.727215	1.372705	2.886246	1.243693	0.333581	0.604541	1.974475	0.702438	1.841440	0.389168	1.226919	0.886463	0.494048	1.172745	3.998260	0.295441	1.141063	5.080232	4.462343	4.045164	4.152069	1.226111	0.585559	2.626274	1.830575	10.844616	1.362942	1.202911	0.879485	1.944069	2.836637	1.210880	4.388749	0.177904	0.943975	3.047867	5.343088	3.207151	4.304850	1.719631	0.376057	0.778440	3.220450	0.357900	0.371033	4.270052	2.494992	0.610773	3.824300	0.850614	1.532361	0.031419	0.046454
S055	0.838429	2.237470	6.022517	0.760855	5.547395	0.837314	4.248716	0.165075	2.874636	7.230037	8.711811	3.901642	2.948579	1.732111	2.590758	0.643497	8.123853	2.736493	1.805520	3.482924	6.420678	1.920290	0.405084	0.892773	0.979927	1.595747	5.469238	1.001252	1.558412	3.512916	1.789292	0.315955	1.313360	2.630529	1.014895	2.478130	0.733227	1.809628	1.074121	0.509112	1.394658	5.790662	0.500473	1.543342	6.773848	5.959176	5.657998	5.457460	1.780908	0.809686	3.338201	1.804492	11.541567	1.639507	1.466794	0.490734	2.043741	2.868626	1.348821	4.451389	0.261082	0.865175	3.423808	5.401631	3.368152	4.205009	1.529015	0.392598	1.132243	3.055686	0.426038	0.433391	4.710236	2.521621	0.990695	3.905291	1.687295	1.262130	0.017301	0.028723
S056	0.607321	1.177946	3.183865	1.088928	2.898996	0.444930	2.188723	0.029924	1.371910	3.492945	4.199699	1.836757	1.400051	0.495644	1.272631	0.311996	3.643766	1.369248	1.351639	1.708996	2.902043	0.893030	0.285515	0.278475	0.482182	1.150389	3.204450	0.716818	1.052292	2.188102	1.020501	0.483358	0.867611	1.650836	0.566878	1.488611	0.368872	1.077755	0.814963	0.311030	1.358599	3.553862	0.240067	0.982336	4.261251	3.839604	3.395484	3.280545	1.070638	0.548626	2.060371	1.276372	17.972507	2.292825	2.419749	0.802665	3.135805	4.489239	2.238693	7.317900	0.554966	1.504109	5.320800	8.841689	5.380236	6.812878	2.473101	0.633430	1.213512	5.057696	0.221096	0.326124	6.719069	4.059257	0.760850	6.319291	1.412864	2.054730	0.071009	0.102006
S057	1.053057	2.884262	8.146713	0.797257	7.632921	1.149959	5.812203	0.200255	3.938050	9.938749	11.483472	5.287737	4.349600	1.474232	3.618447	0.843011	10.444939	3.733308	2.545704	4.498218	8.279011	2.598499	0.547832	0.663242	1.283410	2.302422	8.024765	1.394049	2.370567	5.451375	2.250209	0.334450	1.179249	3.883300	1.629305	3.723378	0.976557	2.468239	1.606671	0.781997	1.791686	8.505389	1.047043	2.253669	10.272479	9.073017	8.369278	8.107252	2.872885	1.200149	5.198259	2.649391	10.939646	1.641752	1.039385	0.544348	1.837979	2.779777	1.377130	4.309232	0.288179	1.088502	3.188039	5.130743	3.123555	3.994937	1.448781	0.595211	0.846779	2.957527	0.552062	0.349157	4.309808	2.420948	1.008328	3.822554	1.480440	1.448710	0.018307	0.141685
S058	0.471127	1.119188	2.562532	0.226168	2.384820	0.312153	1.869031	0.085144	1.771376	3.480857	3.549806	1.576007	1.453342	0.530594	1.148908	0.277617	3.623224	1.301309	0.795044	1.576454	2.630054	0.792456	0.452185	0.226172	0.417721	0.934801	4.974334	0.652584	1.328799	3.140714	1.281893	0.276349	0.674635	2.149901	0.818793	2.099439	0.457100	1.357547	0.912852	0.569300	0.879396	5.055316	0.316477	1.233454	5.995425	5.001767	4.706324	4.582272	1.408832	0.681059	2.949125	1.471000	2.497757	0.459618	0.610038	0.117945	0.466024	1.126364	0.538597	1.011124	0.353605	0.313050	0.812175	1.669196	0.715034	0.970307	0.473957	0.521878	0.214417	0.888680	0.345049	0.132383	1.074324	0.622671	0.290455	1.041506	0.402809	0.537165	0.177050	0.010279
S059	0.936096	2.990657	8.535950	0.482609	8.029660	1.194944	6.195443	0.046136	4.710856	9.973548	12.067488	5.345017	4.520913	1.259929	3.709209	0.893557	10.887732	4.489772	2.444001	4.902604	8.724393	2.726705	0.550175	0.696158	1.356619	2.215452	2.665493	0.660606	0.890609	1.801468	1.068184	0.273020	0.436177	1.378860	0.494681	1.259415	0.480330	0.838884	0.650434	0.595500	0.859163	3.603413	0.179945	0.760247	3.388150	3.021448	2.991447	2.955923	1.506932	0.420724	1.665840	0.939708	9.181041	1.427529	0.958575	0.380992	1.582108	2.488123	1.156618	4.386946	0.302433	0.639238	2.449204	4.291413	2.886910	3.334350	1.212554	0.308141	0.730320	2.510391	0.783314	0.340375	3.367026	1.951105	0.997357	3.078404	1.512019	1.362312	0.167458	0.047266
S060	0.256349	0.452649	1.061953	0.539673	1.258813	0.473092	0.783871	0.115199	0.693310	1.366161	1.551765	0.675883	0.626085	0.263350	0.616347	0.123582	1.451732	1.309882	0.428951	0.613851	1.456162	0.467817	0.164543	0.123168	0.305367	0.398425	3.005415	0.445876	0.942521	1.841993	0.756235	0.224708	0.551063	1.437786	0.527020	1.401276	0.524552	0.859899	1.109222	0.240249	0.978116	2.900214	0.243012	0.746089	3.465143	3.053317	2.739935	2.686247	0.858971	0.777647	1.701953	0.911975	8.175391	1.016436	0.969971	0.395950	1.583262	2.056681	0.904424	3.270933	0.116169	0.580143	2.277372	3.971341	2.612369	3.313697	1.131945	0.333360	0.780227	2.279252	0.112978	0.192698	3.140783	1.837441	0.310293	2.926872	0.663264	1.117034	0.183346	0.009554
S061	0.204514	0.413404	0.191573	0.764149	0.536180	0.115491	0.144341	0.390388	0.190044	0.540448	0.631563	0.211278	0.283633	0.273269	0.790266	0.068833	0.732489	0.146134	0.396030	0.249556	0.235776	0.062228	0.241056	0.065809	0.054438	0.170368	4.414721	0.728514	1.461449	2.994817	1.229967	0.504862	0.694663	2.243899	0.777413	2.037295	0.404002	1.563424	0.868967	0.380104	1.520830	4.465238	0.471670	1.353368	5.834918	4.983960	4.433967	4.292790	1.384038	0.654627	2.732323	1.517343	16.154617	2.200635	1.525976	0.724864	2.804834	4.003950	2.019817	6.557402	0.216498	1.158328	4.410025	7.852095	4.781031	6.363032	2.204852	0.548872	1.303881	4.429886	0.269395	0.303922	6.066850	3.784285	0.462150	5.651421	1.463330	2.021979	0.025400	0.017755
S062	0.875752	2.105657	5.981697	0.305067	5.449454	1.169182	4.253452	0.022833	2.956490	7.440534	8.374021	4.118206	2.992583	1.252925	2.604352	0.675275	7.896425	2.770175	1.757477	3.323073	6.099639	2.027480	0.547260	0.566985	1.150226	1.620157	8.794135	1.312080	2.557128	5.730132	2.626551	0.393206	1.413378	4.514077	1.646285	4.036406	0.937026	2.621144	1.752984	0.923385	1.594302	8.998457	0.560625	2.414317	10.872229	9.624353	9.060224	8.944211	2.798999	1.386250	5.452331	2.841849	2.269910	1.141975	0.289019	0.205433	0.420540	0.686638	0.422534	1.268260	0.164945	0.430571	0.898032	1.214088	0.958085	0.852767	0.581531	0.264456	0.551749	0.629322	0.391868	0.496529	1.103430	0.564874	0.629705	0.755549	0.890544	0.340624	0.050306	0.067420
S063	1.101001	3.048954	8.829975	0.290548	7.916638	1.074478	6.684393	0.093505	4.113896	10.242818	12.281040	5.438430	4.392317	1.123894	3.786219	0.954556	10.902504	4.235414	2.443815	4.982274	9.151546	2.794421	0.380643	0.843397	1.373419	2.302540	3.310505	0.667962	1.019003	2.133958	1.031529	0.263243	0.457616	1.624199	0.576973	1.863952	0.533013	1.005457	0.685111	0.384804	0.850317	4.086292	0.391320	0.960620	4.336849	3.695695	3.613503	3.443700	1.219361	0.503986	2.039513	1.061873	4.275508	1.215847	0.458528	0.226185	0.724857	1.560808	0.669128	1.675576	0.164992	0.479334	1.172656	2.017707	1.279176	1.561394	0.637645	0.344996	0.490989	1.107319	0.630995	0.238438	1.702111	0.950241	0.954696	1.436219	1.426857	0.557534	0.244858	0.058325
S064	1.056941	2.866159	8.064635	2.127097	7.510775	1.016629	5.766598	0.127350	4.015528	10.398320	11.568287	5.089373	4.185917	1.221185	3.664982	0.888245	10.297805	3.851865	2.471910	4.501337	8.366408	2.600349	0.565363	0.628902	1.289742	2.134397	5.763079	0.962696	1.905032	3.768903	2.035810	0.668903	0.856543	2.803643	1.013494	2.666617	0.715154	1.785636	1.152536	0.737473	1.575384	6.472959	0.427024	1.662550	7.255340	6.367746	6.068901	5.919883	1.938704	0.926965	3.561296	1.826603	12.496053	1.955312	1.208802	0.549150	2.436577	3.207516	1.783710	4.937202	0.275343	0.944875	3.848246	5.987111	3.779492	4.669591	1.758425	0.829876	0.966655	3.703547	0.596274	0.481024	5.068558	2.974132	1.075172	4.439986	1.760193	1.440303	0.281517	0.215933
S065	1.188179	3.221749	8.999223	0.326100	8.293682	1.144841	6.436801	0.084219	4.488671	11.044817	12.725374	5.631628	4.504641	2.045866	3.933371	0.945422	11.695922	4.195210	2.525068	5.045609	9.314795	2.860485	0.788013	0.951505	1.422733	2.466127	9.440732	1.362827	2.902643	6.153406	2.656318	0.180691	1.251301	4.469322	1.700230	4.401681	1.054381	2.800709	1.888078	0.875373	1.980449	10.079816	0.595285	3.435384	11.680156	10.233661	9.872208	9.529959	3.003910	1.406269	5.883792	3.286577	3.362284	0.789569	0.488390	0.234330	0.532613	0.985085	1.192102	1.239006	0.218319	0.591772	1.166176	1.502896	0.991233	1.207456	0.429308	0.302243	0.421243	0.908908	0.593810	0.344779	1.522047	0.845342	0.914301	1.136926	1.260862	0.558482	0.005797	0.766804
S066	0.532234	0.190029	0.858644	0.133644	0.448007	0.060463	0.481822	0.031660	0.318249	0.825176	0.747502	0.362457	0.431271	0.335256	0.227331	0.049409	0.739523	0.221129	0.507553	0.370030	0.466900	0.179482	0.132151	0.057636	0.074216	0.175009	2.361027	0.325819	0.680054	1.530904	0.668278	0.223452	0.317926	1.099250	0.521462	1.105531	0.203553	0.758664	0.658611	0.225150	0.475619	2.312112	0.151598	0.731776	2.937661	2.696178	2.466700	2.322571	0.841398	0.507882	1.742939	1.071527	1.789723	0.393395	0.220955	0.081118	0.400763	0.498912	0.252142	0.735663	0.033005	0.578042	0.555192	0.866884	0.655581	0.677362	0.562740	0.176193	0.121878	0.956592	0.068146	0.114607	0.779625	0.712870	0.200508	0.631615	0.162622	0.286811	0.005788	0.038084
S067	0.340925	0.692863	3.324751	0.489260	1.689058	0.724329	1.402998	0.120902	0.899135	2.310067	2.461187	1.192722	0.858272	0.627310	0.840104	0.201753	2.448743	0.949686	0.562473	1.026795	1.723914	0.552941	0.362278	0.395868	0.449222	0.508893	5.529518	0.859711	1.687061	3.692443	1.564922	0.313912	0.929088	2.629712	0.964511	2.484119	0.492991	1.634343	1.093819	0.477858	1.268841	5.460464	0.357039	1.631258	6.765342	6.123273	5.486637	5.348117	1.661256	0.963335	3.353300	1.770439	8.552252	1.107134	0.827757	0.426751	1.668559	2.206224	1.099638	3.504956	0.536763	0.665531	2.468441	4.165772	2.519268	3.240476	1.443172	0.339976	0.592565	2.629993	0.128853	0.268065	3.361775	1.964351	0.533789	3.095024	0.746144	1.032633	0.014883	0.010255
S068	0.224589	0.703579	2.014431	0.405065	1.822614	0.310627	1.630682	0.206364	0.966242	2.345370	3.060693	1.259760	1.065729	0.321206	0.862385	0.374108	2.545925	1.097239	0.956074	1.194846	2.026128	0.669563	0.109918	0.310304	0.322812	0.602454	1.290773	0.185394	0.307798	0.886125	0.297397	0.121152	0.528344	0.724511	0.250610	0.554623	0.146642	0.338933	0.405986	0.219536	0.301982	1.227769	0.071083	0.377605	1.376255	1.231767	1.343375	1.086664	0.508536	0.419416	0.715302	0.334860	2.961539	0.475726	0.279987	0.139166	0.650172	0.906308	0.645010	1.179169	0.486601	0.507277	0.975982	1.392207	0.860707	1.372653	0.595326	0.107810	0.223307	0.844360	0.170624	0.075440	1.248696	0.652857	0.254207	1.143292	0.376991	0.350854	0.219082	0.005772
S069	1.220789	2.715929	7.585253	0.920570	7.187407	0.998027	5.455321	0.454520	4.054943	9.778102	10.884865	5.035152	3.829737	1.720540	3.592880	0.797491	10.296694	3.683292	2.278902	4.235285	7.845386	2.403924	0.910049	0.794302	1.214354	2.152745	14.677142	2.107396	4.198803	9.559158	4.061696	0.535956	1.990983	7.048545	2.826243	7.196166	1.425245	4.384114	2.881919	1.353393	3.063028	14.762717	0.941436	3.849997	18.279882	16.361385	15.156363	14.509292	4.490828	2.155195	9.084345	4.628410	14.715384	2.099972	1.462663	0.668000	2.523740	4.230692	1.795157	5.854629	0.286472	1.276725	4.464687	7.137647	4.296478	5.544919	2.136478	0.569643	1.089111	4.077334	0.594445	0.517538	5.979962	3.595840	1.079886	5.753614	1.803086	1.667820	0.028295	0.337164
S070	0.457058	0.642557	0.569662	0.214865	0.386564	0.055137	0.207815	0.330636	0.400785	1.159326	0.508487	0.717746	0.240535	0.708901	0.152143	0.047633	1.127830	0.423408	0.109210	0.300259	0.403404	0.542746	0.442767	0.286180	0.120377	0.264876	11.499351	1.502947	3.450014	7.402885	3.508611	0.165931	1.476429	5.227106	2.166229	5.204758	1.010772	3.537350	2.436524	0.994511	1.965450	10.791760	0.703546	2.957818	14.041084	12.229596	11.432160	11.199096	3.377799	1.879811	7.153141	4.289966	1.556394	0.273743	0.180603	0.125039	0.485502	0.892015	0.588662	0.617863	0.034819	0.357584	0.832138	1.047943	0.445521	0.645806	0.552835	0.148388	0.255573	0.423470	0.030303	0.220750	0.963695	0.492942	0.072134	0.528990	0.381119	0.382234	0.408501	0.005069
S071	0.645377	1.522606	4.149560	1.039109	4.401075	0.579679	3.058949	0.174977	1.962557	4.937067	6.012287	3.028895	2.052088	0.697931	1.819132	0.434455	5.253709	1.898658	1.880111	2.443807	4.206570	1.360624	0.321738	0.317723	0.670018	1.118228	2.611589	0.529669	0.842794	1.770501	1.010293	0.455541	0.717865	1.357303	0.463869	1.215831	0.380753	0.848831	0.530995	0.305773	1.351156	3.097438	0.181412	0.938073	3.452988	4.093236	2.905739	2.677468	0.914841	0.394224	1.726926	0.947977	16.484185	2.106336	1.548020	0.782221	2.830566	4.128684	2.066081	6.564493	0.252069	1.692897	4.444415	7.912684	4.822329	6.133516	2.634272	0.505142	1.195350	4.537074	0.623864	0.317094	6.173112	3.682336	0.891148	5.903827	1.469141	1.849926	0.219685	0.073072
S072	0.553423	1.521031	4.267734	0.703362	4.248732	0.713705	3.010516	0.020388	2.058846	5.072898	6.044747	3.100815	2.096580	0.655667	1.820739	0.438909	5.395003	1.927027	1.304299	2.331649	4.292776	1.380177	0.391114	0.332234	0.692818	1.136152	3.642105	0.747176	1.076350	2.419139	1.132364	0.714268	0.573494	1.810283	0.749770	1.699875	0.503365	1.180629	0.747782	0.363965	1.179524	4.028423	0.248577	1.005589	4.690786	4.165729	4.078393	3.706866	1.281544	0.606005	2.281230	1.197831	12.921727	1.701621	1.283379	0.730652	2.223646	3.348549	1.517224	5.152040	0.296047	1.020008	3.887674	6.225064	3.777665	5.118177	1.764262	0.612956	0.970955	3.517947	0.318141	0.430151	4.824113	2.933862	0.740663	4.500521	1.206567	1.408002	0.108542	0.147828
S073	1.052875	2.936936	7.884011	0.948147	7.376478	1.060690	5.579519	0.050292	4.167379	9.639504	11.328434	4.953801	3.888856	1.410936	3.518140	0.851500	10.187931	3.610302	2.468033	4.353335	8.111549	2.466238	0.614008	0.666791	1.289747	2.115888	8.744364	1.453482	2.547837	5.836469	2.486281	0.490329	1.266692	4.321699	1.627919	4.032522	1.335403	2.646338	2.081623	0.790000	2.290964	9.343958	0.685590	2.349022	11.047473	9.677366	9.177116	9.099103	2.790674	1.439108	5.428932	2.779144	17.097367	2.425601	1.642721	0.797508	3.638321	4.374296	2.020400	6.781088	0.315383	1.324719	4.815947	8.219016	5.020775	6.359472	2.511532	0.578850	1.438937	4.643113	0.557392	0.667726	7.075415	3.871452	1.160745	6.024443	1.811445	1.938765	0.240488	0.023256
S074	0.482694	2.057465	4.648943	0.195031	4.149592	0.654527	3.256258	0.400776	2.361563	5.325941	6.517383	2.910474	2.289984	1.248397	2.097957	0.486942	5.687528	2.539796	1.306201	2.544572	4.849035	1.442367	0.195257	0.329427	0.739170	1.222442	1.403058	0.258508	0.396204	1.075651	1.598865	0.332284	0.233311	0.893842	0.749458	0.838341	0.354150	0.425703	0.292081	0.136772	0.374693	1.938625	0.178386	0.580326	1.718515	1.761735	1.515609	1.545328	0.612678	0.262827	0.855964	0.501441	3.416953	0.620099	0.526486	0.535051	0.620040	0.891796	0.472922	1.363717	0.139956	0.370695	0.918541	1.672343	1.061940	1.219786	0.450631	0.108544	0.300750	0.964362	0.455248	0.150708	1.483049	0.735623	0.691721	1.179726	0.911154	0.413385	0.621998	0.333898
S075	0.628331	1.276043	3.606722	0.429705	3.301037	0.440452	2.553097	0.053838	1.994969	4.696980	5.074379	2.249161	1.838876	0.997814	1.778882	0.411130	5.086515	1.714337	1.199568	1.996761	4.693966	1.134841	0.478058	0.412455	0.679594	1.813190	8.439870	1.229750	2.452523	5.530349	2.354933	0.243258	1.190380	4.097690	1.469966	4.033760	0.936452	2.836344	2.029849	0.788439	1.503044	8.432593	0.566855	2.842633	10.572469	9.164252	8.751048	8.383001	2.733023	1.252997	5.222811	2.730770	2.667890	0.621045	0.404321	0.308101	0.453223	0.793550	0.396320	1.046663	0.098265	0.380349	1.013427	1.280225	0.812112	1.021612	0.360323	0.169947	0.359166	0.803495	0.284957	0.787687	1.246041	0.918180	0.438193	1.005387	0.514462	0.492692	0.004045	0.042030
S076	0.450948	1.243455	3.284447	0.565482	3.169399	0.760238	2.430485	0.037428	1.642125	4.785171	4.796732	2.126460	1.677647	0.715721	1.461441	0.563342	4.447117	1.542193	1.041027	1.905649	3.382426	1.082263	0.479953	0.327477	0.562002	1.146613	4.136825	0.658690	1.476101	2.649463	1.404984	0.375413	0.613238	2.013541	0.723263	2.033865	0.501622	1.437495	0.883876	0.446843	1.155545	4.337981	0.449987	2.221005	5.254569	4.625995	4.179949	4.114343	1.334149	0.899424	2.513122	1.299038	11.142192	1.504089	1.063552	0.572953	1.950033	2.820421	1.285244	4.449981	0.223492	0.783698	3.151511	5.488862	3.481905	4.194826	1.949918	0.378963	1.352766	3.042341	0.896292	0.291408	4.262203	2.511031	0.598808	3.995987	1.147913	1.462623	0.186149	0.040932
S077	0.507827	1.271732	2.720620	0.387154	2.600904	0.367803	1.946867	0.109000	1.431359	3.652902	3.924454	1.901561	1.356863	0.707663	2.130202	0.311145	3.871424	1.410758	1.070823	1.550368	2.833237	1.357959	0.358489	0.274943	0.446558	0.804049	7.458993	1.042573	2.144718	4.742302	2.027238	0.274550	0.984074	3.560202	1.297809	3.315177	0.673251	2.170181	1.482204	0.759399	1.447887	7.219059	0.829484	1.917974	9.142519	7.906870	7.437809	7.250729	2.329370	1.116005	4.601238	2.494832	5.771333	0.814025	0.693663	0.743587	1.002929	1.487432	0.672680	2.722415	0.204089	0.583238	1.746285	2.875076	1.649850	2.129909	0.774422	0.265099	0.880285	1.547315	0.193292	0.282497	2.448333	1.466256	0.403922	2.015078	0.629588	0.647413	0.094350	0.036315
S078	0.654729	1.103715	3.051492	1.207065	2.955733	0.393293	2.219050	0.294203	1.687818	3.671471	4.418452	2.031873	1.546969	0.499369	1.432097	0.479932	3.918774	1.391807	1.078388	1.843359	3.094273	1.015723	0.231281	0.405657	0.485480	0.825144	2.919817	0.682972	0.880200	1.922962	0.842978	0.243728	0.452692	1.517423	0.541306	1.385014	0.484581	0.991180	0.907504	0.275445	1.565489	3.233900	0.198679	0.814083	3.792185	3.309195	3.089738	3.070994	0.965217	0.592078	1.974776	1.238347	9.254150	1.218708	1.035244	0.458031	1.732778	2.442601	1.445393	4.242217	0.156398	0.859795	2.554010	4.508145	2.916263	3.562223	1.264394	0.321600	1.042533	2.603731	1.112859	0.205291	3.510914	2.065284	0.763836	3.217588	0.930035	1.008719	0.153529	0.176984
S079	1.081356	2.669177	7.380579	0.677182	6.832103	0.913249	5.257705	0.114695	3.910751	9.237872	10.448290	4.622885	3.661285	1.474232	3.204017	0.755507	10.315252	3.414479	2.170539	4.190189	7.530650	2.498399	0.624853	0.826997	1.166815	2.017667	11.296441	1.627517	3.275000	7.367983	3.175148	0.301289	1.651186	5.493758	2.089557	5.189490	1.137796	3.353585	2.452868	1.022588	2.197608	11.387779	0.712282	2.980276	14.055344	12.403526	11.618725	11.358746	3.658008	1.955487	7.169402	3.626092	7.698151	1.184735	0.937547	0.322147	1.213111	1.942520	1.112308	2.829158	0.439663	0.812006	2.274727	3.542897	2.125741	2.676780	1.003019	0.603694	0.671790	2.020550	0.620482	0.353296	3.131525	1.748954	1.099912	2.538461	1.160612	0.882358	0.137713	0.068116
S080	0.502190	1.678367	4.472644	1.121496	4.412998	0.585984	3.235153	0.037036	2.410778	5.612710	6.636936	2.907643	2.246935	0.661565	2.065257	0.786488	5.680041	2.152224	1.408276	3.014190	4.598181	1.434466	0.447061	0.349027	0.735741	1.211250	2.270462	0.548547	0.665109	1.491893	1.274220	0.555082	0.419734	1.221528	0.596655	1.295707	0.369723	0.791761	0.490469	0.303445	1.059994	2.988123	0.157251	0.985522	3.022127	2.887757	2.436701	2.368134	1.305187	0.600557	1.526617	0.970162	14.669491	2.077963	1.616356	0.711228	2.537087	3.704758	1.690776	6.007266	0.238494	1.055937	4.113612	7.199203	4.321444	5.491391	2.008454	0.458466	1.310945	4.014316	0.336896	0.297536	5.562525	3.329597	0.801834	5.134488	1.365242	1.628377	0.034664	0.038192
S081	0.540940	0.738530	1.927398	0.449033	1.930682	0.792012	1.543271	0.258331	1.089147	2.865756	2.688025	1.225684	0.947905	1.354377	0.829030	0.347220	3.019510	1.300429	0.619268	1.112571	1.923053	0.583429	0.823280	0.250687	0.390083	0.626016	10.711298	1.748511	3.095006	6.993703	2.986479	0.406545	1.642387	5.034522	2.038511	4.944644	1.068966	3.216206	2.192562	0.992936	2.050784	10.380072	0.696505	2.834454	13.333877	11.623508	10.862204	10.576217	3.361572	1.637976	6.804001	3.422493	6.416954	0.902701	1.065196	0.286828	1.099385	1.681199	0.729570	2.577492	0.130174	0.632234	2.098495	3.279170	2.086790	2.456978	1.139738	0.410286	0.638326	1.844721	0.341183	0.287703	3.060920	1.651682	0.337013	2.325634	0.583911	0.738145	0.036324	0.025122
S082	0.939567	2.428469	6.843230	0.831064	6.323800	0.856421	5.046311	0.146014	3.334964	8.254578	10.056979	4.362132	3.400399	1.082216	2.984754	0.708771	8.745475	3.162087	2.044894	3.919608	7.026284	2.856811	0.414955	0.527842	1.102640	1.967709	5.140825	0.825256	1.828718	3.290303	1.660701	0.275641	0.852175	2.455341	0.921493	2.326233	0.638562	1.781642	1.116825	0.473307	1.348943	5.558674	0.329213	1.377519	6.398879	5.580338	5.800827	5.135399	1.823942	0.816265	3.148199	1.614098	9.787219	1.433236	0.946105	0.464163	1.803024	2.894666	1.225817	3.805462	0.205475	0.770808	2.818686	4.611376	2.854771	3.586699	1.491115	0.344028	0.768260	2.645854	0.466196	0.338018	3.658657	2.362865	0.870448	3.360403	1.262334	1.119581	0.227367	0.017419
S083	0.681651	2.224460	6.150869	0.909317	5.779384	0.797080	4.320854	0.157296	2.865042	7.147926	8.906669	3.849119	3.024387	0.833449	2.634353	0.659595	7.599187	2.988353	1.892859	3.575861	6.378826	1.911410	0.377805	0.447763	0.975294	1.648532	2.917589	0.622422	0.882754	1.920785	0.828464	0.526415	0.552631	1.521582	0.583580	1.394732	0.481296	1.087256	0.722191	0.281588	1.333053	3.603001	0.197300	1.087875	3.849306	3.503851	3.207917	3.042310	1.190082	0.497987	1.949147	0.926161	17.758960	2.379176	1.836576	0.846740	3.045573	4.481187	2.151738	7.075015	0.290082	1.362640	4.724755	8.538288	5.188091	7.121982	2.406263	0.559785	1.249088	4.813336	0.429999	0.344439	6.606019	4.077484	1.021699	6.168182	1.969000	2.093884	0.032260	0.078778
S084	1.024784	2.432850	7.032707	0.498992	6.393659	1.011664	4.937116	0.030943	3.430986	8.847331	9.777599	4.340941	3.468414	1.863638	3.014405	0.796017	9.227679	3.221869	1.978052	3.908777	7.090602	2.353709	0.564670	1.015322	1.105391	2.212608	10.511043	1.475681	3.002589	6.713025	2.940441	0.355639	1.724362	4.916905	1.794563	4.735565	1.126856	3.357565	2.722539	0.926806	2.082753	10.458595	0.853478	2.717918	12.905119	11.152725	10.635267	10.307768	3.403344	1.534395	6.377492	3.503763	5.829411	0.994151	0.779907	0.312563	0.957400	1.573302	1.155878	2.235651	0.174432	0.679868	1.861208	2.715635	1.884955	2.100559	1.030771	0.651215	0.513588	1.523776	0.482463	0.309437	2.407699	1.341371	0.996140	2.037957	1.037171	0.848927	0.013796	0.187186
S085	0.536586	1.449191	3.776846	0.687842	3.634948	0.506778	2.682501	0.095153	1.781726	4.480388	5.507947	2.461655	1.893363	0.541409	1.823379	0.421338	4.724947	1.724703	1.149472	2.275893	3.883710	1.208143	0.272800	0.281896	0.786630	0.999993	2.210752	0.437340	0.704841	1.445639	0.692123	0.235719	0.369681	1.117057	0.388033	1.020649	0.337072	0.878232	0.466109	0.294499	1.175561	2.581865	0.146087	0.694810	2.917285	2.536818	2.382801	2.260146	0.851450	0.386810	1.391351	0.707380	9.235157	1.260789	0.879919	0.403434	1.624202	2.335513	1.099551	3.719286	0.659766	0.613436	2.495419	4.712109	3.121358	3.590026	1.612267	0.311764	0.794019	2.525402	0.313323	0.357775	3.810597	2.072503	0.581144	3.267982	1.193491	1.043810	0.142688	0.205894
S086	0.926308	1.492663	4.178990	0.469211	4.003705	0.809032	2.893331	0.114307	1.916974	5.007241	5.698879	2.509472	1.989419	0.854532	1.930210	0.495687	5.040968	2.282827	1.223136	2.210295	4.077104	1.276420	0.348700	0.498510	0.643155	1.443134	3.100910	0.535100	0.887166	2.064954	0.859796	0.265005	0.498853	1.851961	0.620282	1.446829	0.616064	0.931370	0.723830	0.302776	1.330686	3.520399	0.397835	0.854125	3.794173	3.387276	3.201161	3.037127	1.272011	1.093974	2.074924	1.098053	8.458627	1.232151	0.798619	0.475186	1.442891	2.151161	0.996932	3.338229	0.235060	0.750110	2.356842	4.203257	2.472521	3.342129	1.373634	0.624591	0.638589	2.654809	0.393108	0.405437	3.182237	2.121848	0.709240	2.913752	1.106848	1.449995	0.017799	0.012317
S087	0.705569	0.633158	1.761691	0.314770	1.922606	0.238399	1.275184	0.115238	1.073827	3.375046	2.553508	1.166476	0.888188	0.779592	0.803549	0.319984	3.096385	0.910491	0.639123	0.988158	1.889548	0.576736	0.406769	0.341126	0.423275	0.628505	10.688827	1.363312	3.082300	6.609634	2.843719	0.207458	1.491660	4.949039	1.850090	4.724317	0.948300	3.000027	2.054107	0.922996	1.822547	9.757603	0.633975	2.744477	12.607595	10.938946	10.450844	10.111017	3.076592	1.488393	6.412262	3.231680	3.324664	0.515496	0.404227	0.181670	0.899315	0.924087	0.594691	1.333674	0.264074	0.530271	1.502667	1.799481	1.113935	1.398805	0.458347	0.197963	0.301203	0.917898	0.593502	0.506833	1.688765	0.856777	0.265804	1.165065	0.579137	0.390190	0.221269	0.166395
S088	0.671343	1.362915	3.429169	0.619832	3.437880	0.521703	2.599281	0.053915	1.759642	4.436486	5.012407	2.195714	1.730918	0.734400	1.535875	0.526658	4.643837	1.615147	1.075315	1.955081	3.534404	1.433667	0.357358	1.296763	0.569513	1.247923	6.406861	1.048725	2.131803	4.208073	1.858171	0.323277	0.936687	3.004949	1.168363	2.964433	0.818285	1.927416	1.664292	0.599670	1.669318	6.863570	0.400709	1.770381	7.927688	6.995486	6.504966	6.291912	1.979924	0.986918	3.957681	2.091127	10.552655	1.408752	1.044403	0.473033	1.853083	2.895277	1.222600	4.268034	0.244045	0.780235	3.021012	5.124454	3.197684	3.967864	1.447415	0.509738	0.794879	2.958091	0.582665	0.393304	4.172896	2.555837	0.870862	3.689728	0.993615	1.200128	0.146169	0.048038
S089	0.451448	0.827539	2.176755	0.647752	2.208157	0.342954	1.570298	0.029155	1.212579	2.960133	3.276309	1.524287	1.098580	0.582747	0.963171	0.268515	3.312407	1.295716	1.340392	1.434062	2.412195	0.866797	0.377684	0.246391	0.589242	0.787470	6.124338	1.073893	1.783093	4.022975	1.748676	0.338707	1.339478	3.083129	1.233059	2.850654	0.624395	2.118681	1.234798	0.655219	1.594350	6.273120	0.458330	1.716697	7.743271	6.821058	6.342341	6.135355	1.887104	0.941910	4.046715	2.061134	11.777148	1.615081	1.163955	0.530703	2.058297	2.954735	1.381374	4.689178	0.311872	1.187750	3.317372	5.674930	3.768688	4.473337	1.797215	0.407301	0.810390	3.200579	0.167403	0.310533	4.892498	2.691858	0.604117	4.100050	1.500356	1.615466	0.241268	0.102847
S090	0.149897	0.384268	0.825987	0.831099	1.065113	0.457072	1.306287	0.127549	0.593207	1.151530	1.401554	0.619639	0.586250	0.212086	0.434218	0.124508	1.249341	0.484324	0.373780	0.468457	0.921806	0.276707	0.167486	0.087404	0.213329	0.319839	2.230971	0.663084	0.619836	1.415555	0.603719	0.317896	0.367045	1.123024	0.942089	1.243058	0.498840	0.738311	0.429121	0.190199	0.969962	2.259249	0.370517	0.683455	2.823584	2.502413	2.253890	2.169466	0.902119	0.406525	1.463188	0.679931	11.747055	1.524664	1.122061	0.541787	2.203056	3.108895	1.523704	4.760393	0.278347	0.767357	3.284207	5.735927	3.495189	4.549855	1.612660	0.368394	0.774149	4.063092	1.082963	0.308778	4.548198	2.670142	0.453156	4.435327	0.854510	1.521510	0.018665	0.028336
S091	0.413923	0.841583	1.717281	0.557677	1.871697	0.299438	1.343632	0.039157	0.966283	2.656474	2.648275	1.097379	0.852831	0.624869	0.738845	0.279767	2.542947	0.941807	0.921257	1.190232	1.785133	0.932235	0.282225	0.325032	0.277827	0.521749	5.551449	0.885811	1.999287	3.634538	1.617516	0.298495	1.014365	2.715234	1.353950	2.546112	0.516237	1.744737	1.095417	0.554655	1.373174	5.499661	0.379675	1.502949	7.008097	6.201519	5.650396	5.572741	1.712273	0.979557	3.557310	1.765241	10.227096	1.380021	0.985608	0.450604	1.798162	2.719249	1.199406	4.148358	0.228612	0.744780	2.893346	5.250780	3.018464	4.103924	1.532077	0.386919	0.711893	2.816521	0.131537	0.515123	4.203521	2.698685	0.596106	3.596998	0.876471	1.145221	0.059964	0.152013
S092	0.301302	0.771170	2.691047	0.703077	2.126704	0.298005	1.495282	0.628388	1.088041	2.563109	3.024025	1.349843	1.024249	0.405343	1.103205	0.823096	2.833030	1.022114	0.687013	1.297137	2.288180	0.967262	0.396891	0.361767	0.474637	0.580268	2.984763	0.512441	0.858374	2.190879	0.844243	0.289898	0.597485	1.485258	0.682400	1.371402	0.578338	1.144267	0.622456	0.485982	1.315892	3.211805	0.194374	0.839479	3.804670	3.430321	3.109849	3.256893	0.969289	0.486408	1.851129	0.943298	10.231862	1.312988	0.969644	0.449329	1.823556	2.562635	1.360638	4.059081	0.151180	0.715838	2.843177	4.914226	2.993882	3.826003	1.428246	0.467551	0.687597	2.993082	0.172811	0.377185	4.078812	2.741753	0.455422	3.811832	0.830484	1.099379	0.028379	0.012188
S093	0.658263	2.198381	5.998503	0.931978	5.831718	0.779280	4.356586	0.383874	2.899643	7.082184	9.051635	3.830606	3.077249	0.794280	2.619455	0.631226	7.573075	2.991271	1.959625	3.384724	6.225078	1.913273	0.435193	0.478979	1.008430	1.623952	2.388471	0.579486	0.744791	1.681611	0.801207	0.579805	0.479059	1.453480	0.431468	1.106612	0.390748	0.887420	0.488913	0.226644	1.297197	3.113747	0.284719	0.706627	3.261212	2.863398	2.572876	2.722143	0.885062	0.467452	1.484748	0.784829	19.227309	2.617365	1.904597	0.842042	3.356581	4.863884	2.250020	7.745658	0.892520	1.664329	5.585801	9.332547	5.722136	7.188997	2.615902	1.640621	1.464876	5.465036	0.431674	0.529231	7.152560	4.688765	1.523135	6.897066	1.825073	2.339025	0.045441	0.148167
S094	0.592172	2.149466	5.952244	0.949451	5.568910	0.758309	4.401852	0.028568	2.920555	6.879559	8.690681	3.778044	3.266364	0.842351	2.704464	0.610619	7.339947	2.699829	1.815187	3.574036	6.077682	1.896009	1.217245	0.415934	0.954521	1.783608	0.844059	0.409534	0.478993	0.587653	0.249621	0.361351	0.448067	0.551902	0.373952	0.578851	0.252390	0.353096	0.293475	0.161101	0.906780	1.939741	0.121629	0.283089	1.231085	1.178342	1.099638	0.986079	0.502977	0.138338	0.589492	0.351169	15.583903	2.022795	1.449178	0.668080	2.712856	4.189955	1.767750	6.031646	0.505934	1.062042	3.971464	7.308556	4.858253	5.635812	2.122454	0.459944	1.080891	4.297373	0.423917	0.666554	5.517072	3.617268	0.991088	5.267842	1.518823	1.810985	0.123707	0.179644
S095	0.372307	1.119677	2.691686	0.858806	2.691307	0.767006	2.077342	0.060456	1.363859	3.302644	3.955487	2.033903	1.547063	0.541090	1.166230	0.297097	3.635778	1.265927	0.970264	1.516632	2.735158	0.842312	0.292038	0.221592	0.521950	0.989414	3.342973	0.789434	1.090078	2.262051	0.993600	0.404235	0.594864	1.874514	0.620626	1.563981	0.388908	1.052943	0.862095	0.353015	1.246332	3.632474	0.298207	1.497210	4.314292	3.967125	3.458217	3.562889	1.324427	0.499289	2.105149	1.090482	14.777510	1.946494	1.385566	0.787528	2.570024	3.650385	1.693952	5.869853	0.449111	1.213705	3.976967	7.214035	4.312033	5.580486	2.061394	0.457924	1.023060	4.118317	0.287252	0.279915	5.662415	3.313416	0.649252	5.180370	1.171584	1.591104	0.026882	0.030998
S096	0.383819	0.671631	1.249119	1.420969	1.603201	0.426809	0.846285	0.209066	0.672442	1.760122	2.116781	0.870982	0.694879	0.440145	0.541518	0.213016	1.948955	0.677519	0.701026	0.723975	1.287766	0.600990	0.391022	0.283941	0.231152	0.428718	5.540206	1.033275	1.600605	3.706756	1.588026	0.756883	1.077234	2.758466	1.141406	2.682065	0.520761	1.748863	1.265280	0.492797	2.294407	5.759374	0.365022	1.558315	7.187264	6.457879	5.651371	5.480656	1.730209	1.003803	3.731124	1.785450	27.715611	3.338797	2.647648	1.838232	4.815738	6.905596	3.006934	11.177761	0.443077	1.740458	7.497653	13.464313	8.147788	10.408028	3.853474	0.859271	1.801762	7.651351	0.297457	0.558995	10.408396	6.279845	1.085946	9.714773	1.854609	2.952877	0.351403	0.027650
S097	0.952974	3.498304	8.867941	0.684461	8.231773	1.107978	6.988853	0.313672	4.218677	10.424477	12.650304	5.619401	5.025194	1.417224	3.998478	0.900693	11.253499	4.133937	2.809694	4.963914	9.146649	2.810085	0.422073	0.821376	1.414516	2.309895	3.126651	0.764170	1.204351	2.078387	0.884551	0.591581	0.541561	1.615862	0.564392	1.496531	0.535117	1.014796	0.666428	0.419321	1.223159	4.101157	0.241123	0.890344	3.993900	3.574110	3.803030	3.390637	1.163114	0.508089	1.964049	1.051299	12.180500	1.826614	1.448350	0.738438	2.071829	3.095120	1.513997	4.789666	0.780184	0.836865	3.276716	6.670108	3.521876	4.465186	1.771579	0.416335	0.942220	3.453574	0.615334	0.305603	4.518785	2.687224	1.121425	4.707031	1.613556	1.385445	0.022820	0.072461
S098	0.391249	0.286614	0.139087	0.133973	0.151245	0.184852	0.079407	0.404493	0.204054	0.524937	0.224450	0.506590	0.217562	0.804845	0.059488	0.298721	0.504208	0.070494	0.154589	0.060132	0.106475	0.032385	0.153146	0.074904	0.029975	0.067921	2.652532	0.582232	0.755068	1.862831	0.727237	0.111634	0.353748	1.350083	0.529772	1.185101	0.215075	0.878208	0.562014	0.295403	0.844598	2.482021	0.216560	0.770892	3.257935	2.990378	2.625845	2.809964	0.815135	0.416856	1.643705	0.853715	2.227941	0.877665	0.483102	0.114964	0.377814	0.586048	0.286900	0.934791	0.030803	0.291338	0.701683	1.347733	0.640122	0.836156	0.407563	0.123395	0.141959	1.087997	0.085646	0.078696	0.893702	0.614153	0.093995	0.828181	0.147517	0.230692	0.077733	0.109570
S099	0.570100	1.608954	4.632500	0.509311	4.188279	0.556205	3.147567	0.691616	2.588566	5.464065	6.346047	3.630051	2.402240	1.082485	1.922591	0.457781	5.744997	2.042695	1.327107	2.611146	4.860933	1.495421	0.344761	0.396584	0.715703	1.204864	4.336388	0.664852	1.274521	3.074217	1.213208	0.303069	0.632633	2.034803	0.721792	2.103664	0.732851	1.276126	0.881551	0.415745	1.082357	4.424935	0.335111	1.123059	5.196370	4.576692	4.330605	4.165342	1.833479	0.619346	2.632775	1.425717	8.444548	1.186775	1.087541	0.562170	1.448387	2.215828	1.014602	3.354813	0.284057	0.701014	2.397310	4.066311	3.301043	3.145936	1.164817	0.287660	0.632674	2.310551	0.311447	0.306079	3.243253	1.957258	0.619956	2.941766	1.131089	1.159374	0.205001	0.012712
S100	0.699247	1.759667	4.594440	0.924336	4.379528	0.614608	3.633871	0.069339	2.234578	5.454027	6.710638	3.053016	2.376463	0.686601	1.989270	0.486361	5.869840	2.198551	1.450782	2.694090	4.758818	1.734429	0.383083	0.371164	0.751794	1.244013	2.665194	0.773334	0.804375	1.770912	0.789638	0.514086	0.465711	1.354775	0.468369	1.245959	0.349064	0.866993	0.532941	0.358471	1.233019	3.125955	0.340340	0.758974	3.410116	3.185897	2.951305	2.788462	0.923646	0.396298	1.739268	0.827292	16.509851	2.150280	1.570839	0.789333	2.996598	4.281675	1.922718	6.624224	0.269797	1.132230	4.442151	8.021637	4.942146	6.363038	2.247803	0.549286	1.146996	4.512427	0.568513	0.314277	6.180612	3.856780	1.013171	5.787650	1.468735	1.785222	0.055864	0.533633
S101	0.460764	1.482461	4.251391	0.462012	4.766792	0.521336	3.085617	0.016826	2.011312	5.139172	6.056223	2.986121	2.148790	0.760735	2.028625	0.466220	5.464886	2.047899	1.199537	2.449614	4.422176	1.686591	0.235430	0.734728	0.671178	1.254725	1.731946	0.333504	0.887116	1.490354	0.465401	0.139185	0.270852	0.927542	0.619097	0.782670	0.311666	0.500994	0.384015	0.200577	0.367463	2.066943	0.131602	0.454000	2.462248	1.808102	1.905594	1.732854	0.628770	0.373011	1.022101	0.581337	2.412965	0.999267	0.255841	0.101984	0.453491	0.621589	0.374397	0.878423	0.086316	0.311455	0.633055	1.063288	0.680309	0.852060	0.304974	0.099520	0.474098	0.660702	0.425972	0.094154	0.863824	0.524790	0.502483	0.912679	0.603566	0.341694	0.020939	0.005483
S102	0.268955	0.543437	1.229842	1.023152	1.484262	0.221246	0.880765	0.038534	0.753611	1.784977	1.974152	0.864671	0.791266	0.387009	0.948079	0.155000	1.896211	0.604385	0.576943	1.254712	1.236704	0.379257	0.283892	0.327968	0.435806	0.956631	4.606888	0.963358	1.319395	3.018663	1.402134	0.599159	0.864083	2.278262	0.918957	2.106531	0.423415	1.524726	0.906807	0.676124	1.628552	4.691773	0.725543	1.248621	5.933765	5.280144	4.783275	4.760565	1.731122	0.679727	2.919693	1.472314	19.606745	2.388335	1.913738	1.220844	3.428213	4.882039	2.378727	7.914792	0.383665	1.245871	5.425385	9.606654	5.857445	7.707952	2.691536	0.995354	1.283543	5.389775	0.144857	0.580250	7.401784	4.421494	0.645276	6.926946	1.564337	2.329816	0.046639	0.151923
S103	0.482408	0.902792	2.320508	0.502154	2.298421	0.303284	1.886229	0.274869	1.595993	3.145589	3.431277	1.545853	1.191903	0.659823	1.087457	0.265890	3.303068	1.108345	0.765321	1.894268	2.370775	1.324646	0.358468	0.284662	0.407849	0.895172	7.113946	1.308839	2.049892	4.645576	1.978565	0.265430	0.991114	3.554884	1.368246	3.404687	0.664563	2.391851	1.606975	0.669124	1.593977	6.987305	0.662873	1.871481	8.943815	7.829370	7.250055	7.035030	2.199087	1.246499	4.404778	2.292955	8.273444	1.332973	0.832666	0.419744	1.867098	2.092291	0.965147	3.226992	0.224876	0.931810	2.410766	3.906410	2.357475	3.051977	1.103453	0.371527	0.591278	2.357633	0.185877	0.401238	3.308791	2.049343	0.670292	2.858867	0.836737	0.878309	0.093666	0.288589
S104	0.542827	0.506012	1.434569	0.488894	1.552131	0.219452	1.278576	0.102006	0.915634	1.806431	2.183956	0.938000	0.735167	0.240718	0.652060	0.734484	1.697914	0.648284	0.533809	0.726607	1.329924	0.412865	0.288988	0.172594	0.297332	0.375074	1.833222	0.340613	0.668326	1.257351	0.516214	0.476129	0.311055	1.086193	0.322711	0.861827	0.186652	0.620020	0.478617	0.231495	0.729455	2.109117	0.161257	0.504580	2.435556	2.132183	1.911623	1.818749	0.709269	0.276181	1.598963	0.580029	9.632840	1.369425	1.031444	0.566166	1.714091	2.507143	1.100443	4.137304	0.177494	0.606567	2.684837	4.734439	3.017123	3.631035	1.321471	0.302257	1.111135	2.651239	0.357451	0.174500	3.697966	2.169662	0.563153	3.466971	0.971128	1.034654	0.022110	0.017325
S105	0.436284	1.802201	4.408775	0.181593	4.070274	0.580600	3.145462	0.286300	2.044332	5.174768	6.085021	2.706562	2.301915	0.779540	2.073494	0.485069	5.486183	1.965577	1.220351	2.421159	4.729997	1.368278	0.158818	0.389723	0.693304	1.157040	0.692690	0.150728	0.307718	0.615951	0.280201	0.066595	0.247792	0.382683	0.236043	0.358011	0.188454	0.523275	0.353295	0.098162	0.187752	1.285249	0.112170	0.301759	0.880085	0.782619	1.084723	0.928102	0.458989	0.178446	0.504122	0.390504	0.910682	0.370442	0.220075	0.114596	0.152269	0.233225	0.260463	0.264103	0.199338	0.131176	0.237993	0.498526	0.309501	0.257268	0.087494	0.066801	0.291959	0.363011	0.393526	0.065194	0.275700	0.147121	0.856329	0.471552	0.744740	0.473944	0.018559	0.007673
S106	0.154651	1.453728	0.672086	0.251942	0.632113	0.093342	0.471224	0.027158	0.435594	0.904327	1.577546	0.415419	0.410274	0.192285	0.295519	0.079512	0.885618	0.387097	0.677866	0.428997	0.839763	0.261471	0.152488	0.054650	0.578086	0.248385	0.874041	0.216313	0.264774	0.579471	0.391740	0.352157	0.134135	0.435110	0.303801	0.409041	0.115383	0.267181	0.197494	0.093637	0.240968	1.178977	0.061773	0.233886	1.106529	1.064876	0.894994	0.928014	0.424273	0.465042	1.139222	0.300366	2.074286	0.949410	0.210627	0.107821	0.575031	0.702988	0.323572	0.858334	0.036618	0.324678	0.640533	1.134761	0.710254	0.806350	0.291537	0.083373	0.187656	0.589420	0.133818	0.108823	0.802432	0.516473	0.127422	0.873803	0.464063	0.385808	0.231357	0.549858
S107	0.284557	0.848380	2.059306	1.074162	2.254808	0.302792	1.489560	0.029344	1.116091	2.709218	3.174390	1.693707	1.063768	0.376030	0.989746	0.238621	2.947379	0.952130	0.860035	1.134167	2.055826	0.844418	0.270095	0.175280	0.561462	0.679045	2.740416	0.700932	0.799347	1.824324	1.042124	0.557013	0.783324	1.435570	1.147975	1.798510	0.957918	0.987911	0.838754	0.348107	1.736013	3.083799	0.370154	0.782734	3.652465	3.348100	2.802125	2.729160	0.944190	0.413136	1.728004	0.877904	22.976996	3.024652	2.165769	1.039828	4.077975	6.004251	2.543213	9.413539	0.319628	1.402639	6.155003	11.173938	6.921289	8.671324	3.204356	0.744066	1.810695	6.562557	0.186992	0.385599	8.526545	5.154120	0.812145	8.062052	1.644047	2.437094	0.035750	0.129289
S108	0.783955	1.045613	2.084440	0.966406	2.120044	0.305953	1.499035	0.108621	1.381949	3.410824	2.845632	1.457900	0.967425	1.286291	0.850644	0.407188	3.476252	1.007943	0.715176	1.147427	2.069431	0.666596	0.783775	0.365018	0.549689	0.796291	18.125027	2.476102	5.135948	11.678121	5.041259	0.592088	2.705860	8.531420	3.111334	8.280231	1.501657	5.302673	3.760091	1.567350	3.733906	17.275261	1.149290	4.680881	22.243570	19.455916	18.577781	17.568390	5.305113	2.632375	11.061836	5.750121	16.308403	2.094152	2.118447	1.038110	2.844349	4.203101	1.869681	7.076434	0.299750	1.423470	5.109973	8.131414	4.927083	6.262840	2.321822	0.694907	1.240337	4.569895	0.221182	0.639836	6.748511	3.892629	0.679859	5.855826	1.217189	1.846680	0.058260	0.035215
S109	0.324329	0.369704	0.977161	0.631483	1.035831	0.183411	0.739042	0.051902	0.620725	1.429127	1.592854	0.611926	0.469914	0.463967	0.425502	0.228644	1.501806	0.475121	0.374765	0.577809	1.032672	0.301007	0.254282	0.138321	0.278982	0.389574	5.222015	0.766948	1.485174	3.514410	1.438692	0.317327	0.829720	2.706028	0.901618	2.359276	0.490475	1.663569	1.015373	0.453899	1.140327	5.017230	0.403112	1.385458	6.510074	5.783889	5.239177	5.334373	1.551171	0.758868	3.349468	1.706364	6.576652	1.135499	0.638327	0.387976	1.247893	1.692753	0.727843	2.675516	0.103509	0.621714	1.997568	3.219643	2.027129	2.750795	0.921685	0.252991	0.562499	2.205276	0.157353	0.310386	2.590913	1.522448	0.852251	2.501968	0.550133	0.752355	0.642339	0.016130
S110	0.427316	0.459868	1.132509	0.439791	1.211973	0.185384	0.894804	0.064768	0.737922	1.896018	2.179267	0.752752	0.596299	0.717211	0.518490	0.135342	1.998093	0.689124	0.458193	0.640480	1.850231	0.357824	0.344760	0.211872	0.262716	0.660299	8.497795	1.724130	2.446123	5.551018	2.459336	0.637498	1.140766	3.925675	1.499726	3.840212	0.717877	2.502031	1.654737	0.983287	1.713554	8.079116	0.548496	2.212893	10.528073	9.164064	8.784627	8.298621	2.526124	1.249394	5.358058	2.674950	7.523478	1.055307	0.762728	0.335113	1.281241	1.942521	0.841831	2.966519	0.175391	0.631379	2.600826	3.750934	2.385871	2.846765	1.053407	0.340595	0.572648	2.120626	0.248322	0.330905	3.036396	2.219841	0.300777	2.579805	0.574917	0.800076	0.135090	0.113035
S111	0.066560	0.183423	0.488259	0.200244	0.470811	0.144253	0.318677	0.083506	0.462183	0.560410	0.703404	0.315623	0.256877	0.198347	0.199761	0.049405	0.683995	0.209566	0.736492	0.342920	0.484397	0.141063	0.049566	0.045989	0.075107	0.305690	0.671010	0.428422	0.205870	0.738464	0.215619	0.080042	0.112168	0.343557	0.150437	0.734131	0.166294	0.249739	0.223427	0.060828	0.247585	0.852708	0.058579	0.192082	0.868508	0.963204	0.789807	0.716282	0.241134	0.123300	0.577826	0.707168	3.028873	0.402684	0.671601	0.135425	0.624926	0.770394	0.334052	1.206538	0.089573	0.195841	1.045112	1.546728	0.914334	1.202380	0.461069	0.131920	0.202013	1.091977	0.091432	0.068075	1.140147	0.688710	0.613296	1.167038	0.317160	0.326398	0.209450	0.060051
S112	1.446052	5.124721	14.709661	0.466196	13.246079	1.802758	10.530691	0.053673	7.017105	16.947824	21.348206	9.185621	7.393596	1.634526	6.438567	1.487764	18.279561	6.802844	4.446940	8.276184	15.176623	4.678859	0.475037	1.049676	2.326014	4.072028	0.430705	0.349865	0.300408	0.406840	0.154098	0.159477	0.266106	0.428620	0.091190	0.283121	0.493386	0.203284	0.152089	0.108073	0.564787	2.112297	0.114124	0.255902	0.606982	0.578115	1.224117	0.831381	0.522815	0.342429	0.363321	0.198916	7.045941	1.445940	0.683605	0.294119	1.244614	1.860542	1.128340	2.661554	0.259236	0.827133	1.759137	3.166654	2.597576	2.455139	0.928697	0.199808	0.744731	1.810364	0.990190	0.266551	2.450956	1.445100	1.515219	2.421629	1.839634	0.925966	0.156794	0.022120
S113	0.441007	0.917039	2.314459	0.900191	2.421037	0.402926	1.660988	0.040460	1.194613	2.956579	3.517666	1.601938	1.539910	0.516544	1.453833	0.263693	3.445379	1.103023	0.932840	1.317631	2.382618	0.914246	0.278923	0.321149	0.521184	1.121406	3.941409	0.686431	1.138995	3.312589	1.124739	0.509748	0.639978	2.031995	0.690386	1.807383	0.446613	1.245656	0.814892	1.301417	1.589538	4.314903	0.259338	1.079946	5.241016	4.943640	4.031856	3.877512	1.474743	0.695044	2.470456	1.291351	17.477431	2.191613	2.070530	0.811808	3.052427	4.397931	1.948860	7.052902	0.252872	1.117670	4.795559	8.612415	5.730140	6.691939	2.511996	0.548935	1.586567	4.806796	0.190960	0.437888	6.659402	4.286199	0.695513	6.139844	1.567927	1.859328	0.054837	0.513479
S114	0.594809	1.321307	3.607050	0.494306	3.430344	0.525958	2.634326	0.075029	1.842143	4.761024	5.645319	2.314993	1.811338	0.835166	1.686037	0.424103	4.929633	1.796952	1.092091	2.054035	4.280319	1.270892	0.445587	0.596476	0.619541	1.024323	7.451468	1.089415	2.255497	4.865631	2.097512	0.279073	1.050351	3.566511	1.325933	3.386540	0.714673	2.223822	1.619108	0.659165	1.577964	7.432494	0.516272	1.995960	9.318456	8.111008	7.643698	7.362068	2.278252	1.242208	5.093405	2.355158	8.295304	1.169549	0.794343	0.375519	1.395231	2.110564	0.959465	3.296915	0.248600	0.680093	2.529298	4.170223	2.733770	3.053515	1.111519	0.365951	0.602499	2.468195	0.252370	0.279926	3.214386	1.957569	0.824806	2.858550	1.124153	0.946065	0.065091	0.032142
S115	0.551766	1.091150	3.081632	0.220388	2.931836	0.456445	2.226194	0.214608	1.682186	4.131507	4.509555	1.980903	1.533895	1.059083	1.717159	0.342489	4.420548	1.562185	0.890286	2.022531	3.198383	0.977436	0.417816	0.310632	0.537850	1.054147	7.744888	1.288513	2.203749	4.945203	2.208416	0.153393	1.032775	3.620548	1.395851	3.550908	0.721622	2.303452	1.530006	0.669241	1.422938	7.725350	0.978454	2.001462	9.351618	8.114286	7.684542	7.490686	2.334958	1.116027	4.806690	2.394308	2.344045	0.468657	0.325635	0.196451	0.584970	0.800654	0.598705	0.996491	0.176239	0.725664	0.894132	1.498885	0.945747	0.894444	0.380725	0.187618	0.231484	0.720887	0.323295	0.361807	1.099421	0.593755	0.376230	0.813386	0.445907	0.479756	0.318573	0.155531
S116	0.667320	2.252647	6.322562	0.121586	5.787271	0.858591	4.549912	0.022906	2.962963	7.515255	8.795443	3.915057	3.099368	0.796425	2.741810	0.870129	7.978120	2.875829	1.836231	3.576251	6.400716	2.071466	0.256917	0.445851	0.984027	1.633129	1.930729	0.791309	0.554407	1.286874	0.866609	0.048726	0.293080	0.939956	0.578179	0.911435	0.343682	0.611876	0.405429	0.309186	0.365886	2.527325	0.147653	0.550726	2.621626	2.158697	2.146110	2.466102	0.732418	0.361097	1.173123	0.649154	1.305408	0.476876	0.222902	0.121536	0.244993	0.411842	0.498048	0.435133	0.195877	0.223864	0.477025	0.556366	0.339515	0.505013	0.400935	0.172408	0.287328	0.665182	0.408553	0.109912	0.509083	0.341466	0.990837	0.425332	0.758781	0.217186	0.006196	0.009499
S117	0.800527	1.882210	4.756607	1.134129	4.821361	0.654394	3.837029	0.074841	2.314597	5.566927	7.106019	3.352175	2.558629	0.702132	2.068581	0.520266	6.228332	2.322970	1.785079	2.702634	4.837900	1.919251	0.328452	0.345438	0.984574	1.255856	2.487671	0.515581	0.608661	1.870886	0.601864	0.593097	0.544493	1.074895	0.533565	0.880506	0.313437	0.801861	0.404025	0.413878	1.539094	2.579777	0.296003	1.001417	2.600321	2.610371	2.031483	1.937484	1.203034	0.291294	1.428592	0.600878	24.448385	3.102558	2.379663	1.079756	4.293404	6.126766	2.851480	9.843944	0.366220	1.490224	6.605275	11.915305	7.206095	9.357384	3.398265	1.322208	1.712732	6.702449	0.386557	0.414753	9.190751	5.455071	1.091617	8.749674	2.016219	2.665591	0.074955	0.029169
S118	0.253885	0.833404	2.063528	0.736599	2.280603	0.468756	1.733810	0.086391	1.150648	2.506667	3.120726	1.497062	1.053600	0.470519	0.902061	0.267151	2.599895	1.150629	0.762673	1.283499	2.090882	0.780099	0.219146	0.279268	0.345410	0.618076	1.645926	0.389698	0.428537	0.981777	0.714877	0.409892	0.582783	1.069735	0.261631	0.735002	0.299272	0.654564	0.712349	0.168849	0.968936	1.914610	0.912497	0.435394	2.170899	1.880194	1.831948	1.874492	0.899101	0.241383	1.173668	0.496568	16.021272	1.982149	1.522360	0.832568	2.906972	3.974061	2.351999	6.727825	0.461597	0.987944	4.366250	7.785163	4.756146	6.256767	2.210378	0.729074	1.350195	4.422829	0.219573	0.347742	5.932153	3.703333	0.618561	5.833198	1.713246	1.702306	0.063385	0.219148
S119	0.749921	1.077750	3.011865	0.391785	2.818393	0.377928	2.161832	0.112352	1.632936	4.160819	4.315246	1.940852	1.540959	0.881735	1.340276	0.321818	4.434143	1.446612	1.023309	1.685595	3.277511	0.953225	0.426563	0.367399	0.673511	0.924824	10.114490	1.729676	2.836827	6.447313	3.027886	0.174984	1.316945	4.767629	1.707773	4.935654	0.899030	2.907607	1.939855	0.877538	1.736744	9.521481	0.710193	2.638641	12.260420	10.592731	10.025985	9.984599	2.963655	1.463164	6.413531	3.191356	2.712173	0.838123	0.345847	0.154767	0.571535	0.925757	0.394274	1.099131	0.136049	0.432553	1.178403	1.354371	1.043479	1.205744	0.395510	0.257454	0.228999	0.783490	0.205165	0.229979	1.320912	0.714500	0.591281	0.929753	0.483463	0.627016	0.004877	0.061967
