PlateID;Strain;Sample;Timepoint;Gender;Plate.ID;QC.Warning;Clmp;Matn2;Cpe;Gcg;Gdnf;Yes1;Il17a;Foxo1;Tnfrsf11b;Tgfb1;Pla2g4a;Il6;Prdx5;Tgfa;Ccl5;Epo;Axin1;Fst;Rgma;Nadk;Tnni3;Notch3;Snap29;Cntn1;Clstn2;S100a4;Ca13;Mia;Cant1;Kitlg;Gfra1;Ppp1r2;Adam23;Itgb6;Cyr61;Dlk1;Ahr;Ccl2;Eno2;Plin1;Wfikkn2;Flrt2;Qdpr;Fas;Erbb4;Riox2;Plxna4;Epcam;Ccl3;Crim1;Vsig2;Hgf;Sez6l2;Il1a;Il23r;Dll1;Ddah1;Il10;Tnfrsf12a;Acvrl1;Lgmn;Csf2;Cxcl9;Map2k6;Itgb1bp2;Il17f;Il1b;Casp3;Apbb1ip;Wisp1;Cdh6;Pdgfb;Igsf3;Tgfbr3;Cxcl1;Pak4;Cntn4;Ghrl;Lpl;Fstl3;Dctn2;Il5;Eda2r;Ntf3;Tnfsf12;Ccl20;Fli1;Tpp1;Tnr;Vegfd;Parp1;Tnf
S.028;Hgf/Cdk4;Serum;d70;Female;023Mus-2.csv;Pass;6.70382;5.05635;6.66299;2.19106;1.50706;1.0322;3.813;1.12105;5.48323;5.76533;6.18894;1.38654;5.37079;4.45591;1.28207;4.95657;1.43693;7.84409;2.78956;5.8783;1.96031;5.06638;4.71876;6.7919;3.26696;6.33092;3.59673;2.24838;1.28737;-0.48753;3.72817;2.17959;0.50858;1.66945;5.92763;2.96554;3.39057;10.29936;3.68655;3.01647;5.479;4.33921;4.74486;3.19677;3.68766;3.25667;2.67109;2.86029;4.72444;2.55287;2.93087;8.79215;5.49867;9.49898;6.00567;4.25772;0.61386;0.65665;3.89596;3.79355;5.52865;0.19232;5.358;5.2881;-1.31116;3.35437;1.514;7.22738;3.20637;4.62684;3.60688;10.85856;5.20628;3.40955;8.79502;-1.36731;3.8404;0.90794;2.8713;6.05762;1.85378;0.22716;6.39452;0.99761;4.87421;10.13872;0.0157499999999999;6.32198;4.21987;3.56925;3.18364;-1.24093
S.024;Hgf/Cdk4;Serum;d70;Female;023Mus-2.csv;Pass;6.85302;4.87074;6.80901;3.02937;1.51286;1.90248;3.83544;1.11952;5.98081;4.97994;6.21868;1.36916;4.19294;5.05305;1.51626;4.09672;1.42083;8.96976;2.18615;5.48706;3.84064;5.0964;4.28352;6.96486;2.11831;6.47694;2.61855;3.71141;1.66915;-0.51178;3.72497;0.94068;0.7229;2.18568;6.02775;2.80932;2.67439;11.33333;3.43355;2.46433;4.71233;3.80557;5.13682;3.46492;3.65959;3.22114;4.4932;3.07455;4.93852;2.83095;2.23378;9.21789;4.67216;7.7954;5.85357;4.2704;0.28325;4.19991;4.86995;3.9005;5.383;0.78455;5.37803;5.70057;-0.06109;3.49398;1.67827;6.74321;2.06562;4.97515;3.9891;11.0482;5.30781;3.41845;10.0142;-0.45171;3.55447;3.20253;3.01984;6.04693;1.54685;0.69342;6.72383;1.80612;4.84827;8.63917;-0.46733;6.65178;3.95709;3.13316;2.94229;-0.71538
S.025;Hgf/Cdk4;Serum;d70;Female;023Mus-2.csv;Pass;7.00567;5.86967;6.98413;3.8812;2.49648;1.0596;4.75161;0.8356;6.18911;4.55164;5.82868;1.08843;3.60274;4.7106;2.09579;4.4049;1.3562;8.69838;2.6775;5.78596;3.77939;5.36645;3.53356;7.03218;3.36927;6.29864;1.55824;3.12989;1.2276;-0.64566;3.99518;0.69438;1.22984;1.86392;6.11029;3.10614;2.36026;10.90057;3.37067;1.8913;5.09823;4.39075;3.76931;3.22013;3.84513;2.90653;3.43406;2.71383;3.76489;2.2635;2.25057;8.76957;6.01717;6.89297;5.7912;4.47301;-0.20604;-0.19875;4.13202;3.57377;4.68437;0.71139;6.42838;4.67915;-0.76112;4.98022;1.27235;5.78313;2.82466;5.18275;4.10946;10.34174;5.94601;3.66251;8.24784;-1.163;3.99871;2.78316;3.1617;6.40035;1.03704;1.69979;6.31135;2.07023;5.05405;9.53966;-0.0226000000000001;6.71294;4.22058;3.62359;2.28894;-1.0476
S.026;Hgf/Cdk4;Serum;d70;Female;023Mus-2.csv;Pass;6.89927;5.85188;6.84653;4.10079;2.1396;2.0234;5.31285;1.09983;6.08087;5.08407;5.79344;1.01888;5.62168;5.24762;2.77419;3.07305;1.99814;8.98784;2.47835;6.57414;3.62425;5.46152;5.50364;6.79155;3.38723;6.39364;3.49093;3.31526;1.26758;-0.2215;4.64486;2.08224;1.07947;2.14901;6.08501;2.7844;3.9798;11.13361;3.34984;2.0721;4.67253;4.52369;6.43988;4.2074;3.69152;3.89272;3.15578;2.78745;4.62605;2.79874;2.69688;8.9118;5.83505;7.62415;6.4003;4.67226;1.98359;1.2006;4.37455;4.16903;5.50644;0.91225;8.3607;5.46345;-0.27705;6.84571;1.67928;7.5985;3.4386;5.16858;4.00395;10.63785;5.66482;3.95264;8.91136;-0.59972;3.78;1.953;3.00906;6.31088;1.58449;1.56485;6.59892;2.02101;5.41683;11.06798;0.36493;7.00211;4.3205;3.91919;2.97533;-0.31838
S.027;Hgf/Cdk4;Serum;d70;Female;023Mus-2.csv;Pass;7.3458;5.50898;7.29999;2.75073;1.96223;0.8316;4.74591;1.21346;6.14758;6.00999;5.676;1.08445;4.12824;5.60513;2.83534;2.76732;1.14355;9.1498;2.96947;5.6645;4.68248;5.72416;3.97987;7.31841;2.38367;6.13235;1.8789;4.00531;2.28062;-0.03524;4.10609;0.90383;1.38359;2.48437;6.77162;3.32151;2.61545;11.36946;3.16072;2.22174;5.30001;4.70212;4.24746;3.77071;4.25478;3.00927;5.15808;3.56336;4.41037;3.57076;2.89557;9.54344;5.38313;8.21013;6.46554;4.77047;0.00262000000000001;0.27767;4.95774;4.14381;5.72791;0.86315;6.625;6.12082;0.17318;3.6217;1.37424;7.68746;2.25045;5.64257;4.48997;11.39602;5.87413;3.89814;9.24147;-0.48913;4.26312;3.06324;3.19988;6.31907;1.26473;0.22274;7.45284;2.26716;5.42615;8.58731;0.0535499999999999;7.03217;4.24538;3.79293;2.23563;-0.82247
S.012;Hgf/Cdk4;Serum;d70;Male;023Mus-2.csv;Pass;6.91167;5.49662;6.89041;3.55931;1.64605;2.89517;3.96258;1.32649;6.16082;5.11882;6.70996;2.58872;5.19971;6.532;2.29829;4.63522;2.66986;9.13512;2.53997;7.29093;3.66818;5.33186;6.31093;6.47471;2.39921;6.4391;4.11007;3.69348;1.32807;0.00441999999999998;4.97502;2.80687;1.23206;2.35713;6.47139;2.75871;4.10056;10.66253;3.14184;2.66558;4.96427;4.72393;6.4637;3.83625;3.72635;4.65667;3.30093;3.19795;4.62575;2.77236;3.13737;9.10428;5.85827;9.9807;5.73458;4.26932;0.97063;0.89542;4.05801;3.91659;5.57421;0.83539;6.34221;6.38324;-0.28568;3.31406;2.28237;8.45766;3.74939;4.83677;4.22987;10.97521;5.49801;3.79317;9.5697;0.0505000000000001;3.46114;2.56761;4.08531;6.25545;2.40653;0.13114;6.73888;1.95882;4.76289;11.11587;1.40571;7.04076;4.45135;3.75717;3.78151;-0.35693
S.022;Hgf/Cdk4;Serum;d70;Female;023Mus-2.csv;Pass;7.07547;5.13695;7.13892;3.3655;1.97783;2.34863;4.2919;1.1846;5.89396;5.95306;6.60348;1.91823;5.53126;5.21429;2.02328;3.13281;1.92099;8.71652;2.74921;6.0073;4.29877;5.52404;4.85036;7.29461;2.85987;6.34635;3.75033;3.70361;1.76466;-0.32739;4.29816;1.42365;1.20322;2.08087;6.6874;3.27777;3.97341;10.90087;3.90279;3.33631;5.00247;4.75132;4.98398;3.55381;4.03101;3.89589;5.01902;3.0855;4.71207;3.6784;2.84492;9.718;6.01272;7.99699;6.27192;4.47733;0.28269;1.09429;4.70754;4.48038;5.54262;0.82606;6.71926;6.73044;-0.57989;3.50293;1.74055;8.18537;3.36338;5.18922;4.21473;11.24132;5.99922;3.75364;10.03275;-0.76306;4.08962;2.28588;3.44048;6.18737;1.84168;0.81958;7.0689;2.02078;5.49129;8.93343;0.5132;6.99769;4.53483;3.9713;3.75412;-1.00637
S.013;Hgf/Cdk4;Serum;d70;Male;023Mus-2.csv;Pass;7.31134;5.84861;6.65052;2.87083;1.88853;0.99414;4.05782;1.13065;6.19594;5.63487;6.24469;2.70121;4.64199;5.16755;1.52808;3.95234;1.57144;9.67145;2.33453;6.0061;4.43043;5.34286;4.5902;6.36749;2.51454;6.28478;2.65603;3.91944;1.44325;-0.37618;4.12273;0.4415;1.03961;1.60571;6.46101;2.55975;3.28792;10.63601;2.84949;0.83208;5.11304;4.43554;4.67026;3.5015;3.71301;3.39113;3.32146;2.50327;5.32424;3.24128;2.92787;9.68942;5.8191;7.34765;5.61449;4.29547;-0.01505;0.92483;4.57049;4.14949;5.67206;0.24039;4.99166;6.4618;-0.75985;3.89757;2.37367;7.78441;3.27604;5.10043;3.16118;11.15094;5.34342;3.7679;8.66006;-0.56061;3.14419;2.39312;3.98571;6.14508;1.48203;-0.22351;7.28185;2.38042;5.18414;10.67901;-0.14187;7.15348;4.56306;3.78491;3.05635;-1.02806
S.014;Hgf/Cdk4;Serum;d70;Male;023Mus-2.csv;Pass;7.5593;5.49947;7.14645;2.47912;1.97119;2.49592;4.50856;1.79144;6.05851;5.48389;6.59911;2.11178;5.72855;5.33647;2.8443;3.0698;1.99816;9.23452;2.62861;6.69782;1.09719;5.89069;5.13809;6.8597;3.07318;6.57262;4.12424;4.09442;1.84532;-0.24231;4.53136;1.70725;1.30425;2.04526;6.80969;3.19673;4.09984;10.89077;3.69787;3.03168;5.36006;4.80464;5.77813;3.91293;4.30497;4.07813;4.39585;3.03873;5.80666;3.49273;2.84243;9.37574;6.14641;8.5075;6.00661;4.80352;0.57516;1.25644;4.21858;4.34488;5.70341;0.6274;6.54561;6.48392;-0.4164;3.96243;2.05793;8.18861;4.06724;5.24669;3.92374;11.34134;5.80091;3.96275;9.53075;-0.83816;3.64513;2.85846;3.7647;6.29711;1.74341;-0.15476;7.14652;2.41653;5.56734;11.50639;0.68804;7.15619;4.75921;3.81473;3.596;-0.82739
S.023;Hgf/Cdk4;Serum;d70;Female;023Mus-2.csv;Pass;6.77934;4.83318;6.99718;2.39438;1.51676;2.14354;3.43412;1.05465;5.79576;5.71444;6.19457;1.08852;5.53545;4.44728;1.62738;4.05875;1.53571;8.4902;2.41012;6.21473;2.04893;5.27184;4.72728;7.1178;1.92851;6.41559;3.55084;3.46179;1.73598;-0.12345;3.79576;1.12155;0.56083;1.60339;6.40564;2.84326;3.57405;10.59652;3.36095;3.97022;4.59023;4.31743;4.86881;3.56817;4.29526;3.08581;4.88241;3.24195;4.63719;3.47088;2.46228;9.37995;5.17099;8.16705;6.30628;4.32014;0.17449;1.06046;4.27494;4.0633;5.43527;0.18592;6.86844;6.8862;-1.0625;2.89485;1.63447;8.30271;2.86869;4.7749;3.73478;11.30858;5.39743;3.42569;9.3584;-0.65179;4.20473;2.84451;4.8599;5.64984;1.55356;0.20824;6.8138;1.37732;5.09948;7.70677;0.16488;6.8588;4.5159;3.39762;2.8595;-0.95244
S.001;C57Bl/6;Serum;d70;Female;023Mus-2.csv;Pass;7.04298;4.92525;6.78943;2.60508;1.13929;2.07641;2.02699;0.91599;5.768;5.59404;6.94886;1.78467;5.02237;4.93517;1.58573;2.65156;1.47592;8.30541;2.7488;5.44829;1.77912;5.47125;4.27898;6.44975;2.00302;6.2212;2.59854;4.00419;1.64687;-0.61012;4.20138;0.88363;0.95195;1.73374;6.25322;3.20438;3.03786;10.92857;3.21203;4.48797;5.45421;4.64617;5.46456;3.60773;4.71143;3.41123;4.51701;3.12231;4.47616;3.21407;2.81548;8.54157;5.33938;7.3231;5.61024;4.43061;0.29754;1.05308;3.96735;3.91049;5.47068;0.7987;6.09056;6.15103;-1.63834;1.4933;1.20551;7.9766;2.98745;5.28311;4.19748;11.13452;4.80832;3.78995;9.45306;-0.48393;4.64298;3.47862;2.76444;6.04365;1.43359;0.57891;6.77246;1.80051;5.32188;7.96426;0.0224;6.53924;4.2571;3.80282;3.49584;-1.2599
S.002;C57Bl/6;Serum;d70;Female;023Mus-2.csv;Pass;6.97736;5.07397;6.81274;1.35552;0.70853;2.07678;2.90065;0.98372;5.58513;5.72519;7.2118;1.59129;5.12129;4.82955;1.64933;2.4958;1.57983;8.44275;2.83097;5.58105;2.6579;5.5214;4.47098;6.51257;1.93219;6.6139;2.9692;3.89837;1.75533;-0.39145;3.91223;0.93609;0.97828;2.01088;6.23925;3.21582;3.38907;10.37701;3.53096;4.36103;5.06917;4.68109;4.55279;3.47301;4.38387;2.95661;4.8745;3.0577;4.54377;3.30597;3.03324;8.5737;5.34277;8.91558;5.73547;4.26299;-0.06683;0.935;4.38753;3.97217;5.21254;0.33841;5.82359;6.36088;-0.49532;1.67876;1.37387;8.01239;3.03674;5.31551;4.04039;11.19881;4.91446;3.92682;9.1394;-0.83083;4.55277;3.24534;3.10338;5.92394;1.66546;1.01345;6.78951;1.50438;5.13436;7.54812;0.60187;6.87804;4.43777;3.95674;3.10443;-1.24164
S.003;C57Bl/6;Serum;d70;Female;023Mus-2.csv;Pass;6.94654;4.85675;6.81803;1.07319;1.06855;1.43458;3.09499;1.03171;5.55711;5.58453;7.01194;1.11983;5.10993;4.55364;1.74959;2.44918;1.41159;8.71417;2.71323;5.50132;1.90992;5.59342;4.0435;6.424;1.93565;6.49567;2.70981;3.62879;1.67281;-0.14251;3.94193;0.66597;0.89445;1.95743;6.279;3.04195;3.07356;10.18422;2.96077;3.41474;5.24321;4.51813;4.7442;3.2665;4.4149;2.95044;5.20679;3.21919;4.79247;3.25832;2.73969;8.5832;5.16154;8.40548;5.57932;4.2837;0.01975;0.53985;3.56268;3.80303;5.20134;0.68568;5.4469;6.47381;-0.23809;1.61449;1.64835;8.19066;2.86644;5.07678;4.18927;11.11156;4.6631;3.60825;9.30634;-0.33626;4.71321;2.72642;3.13748;5.70693;1.38492;0.93276;6.47345;1.587;5.26543;8.60747;0.25183;6.63185;4.44144;3.7015;2.96754;-1.18447
S.029;Hgf/Cdk4;Serum;d70;Female;023Mus-2.csv;Pass;6.78715;4.90782;6.68036;1.96797;1.41253;1.09844;4.00345;1.4563;5.84396;6.26154;6.51063;1.50188;5.37984;4.69257;1.88371;4.78113;1.95642;7.82807;2.71723;5.75277;1.60487;5.10067;5.47688;6.55207;2.02227;6.7212;3.42964;2.33211;1.80286;-0.18259;3.60155;2.27939;0.68712;2.13652;6.2684;3.28817;3.68187;11.56497;3.30243;3.02715;4.37345;3.93674;4.73287;3.21917;3.99898;3.23557;3.82693;2.85522;4.94951;2.77864;2.41739;8.9352;4.9899;9.02621;6.24441;4.39633;1.0751;1.3788;4.67264;3.9588;5.38424;0.44837;5.73063;5.62639;-0.51011;2.75573;1.76732;7.80599;2.95151;4.91022;3.69124;11.37379;4.81441;3.47625;9.7203;-0.76218;3.61288;2.17696;2.37176;6.33778;1.91786;0.29289;6.54613;0.87748;4.79144;8.35657;0.5536;6.71165;4.56999;3.14897;3.86554;-1.10467
S.004;C57Bl/6;Serum;d70;Female;023Mus-2.csv;Pass;6.61821;4.75074;6.66884;1.46631;0.62935;1.04791;2.912;0.84608;5.3664;5.45218;6.51741;1.15471;4.75072;4.38772;1.81479;1.5242;0.98328;8.38421;2.36008;4.43642;0.66953;5.41054;3.67327;6.3377;2.04673;6.31435;2.08818;3.24697;1.49275;-0.49491;3.80951;0.68241;0.78197;1.59317;6.10055;2.97734;2.63384;10.12499;3.09358;3.15026;5.04429;4.30565;3.9861;3.12899;4.25858;2.30005;3.99251;2.87628;4.79335;3.12261;2.38655;8.31351;5.21821;7.09828;5.38806;4.12606;-0.08722;0.84205;3.8102;3.47151;5.02758;0.31806;5.18832;6.10718;-1.3542;1.12459;0.96567;7.43288;2.39582;4.8614;3.7821;10.79606;4.6306;3.7577;9.0406;-0.73503;4.57666;3.04964;2.19335;5.66431;0.84943;0.6346;6.28119;1.17786;4.88268;6.87605;-0.98827;6.32627;4.27114;3.75059;2.50188;-1.05627
S.005;C57Bl/6;Serum;d70;Female;023Mus-2.csv;Pass;6.76512;4.63633;6.65305;1.07407;1.42076;1.22525;2.37411;1.04464;5.20367;5.54841;6.64359;1.60176;5.00367;4.62899;1.83494;2.00622;1.24468;8.5704;2.68001;4.93637;0.88109;5.47438;3.86876;6.37575;2.04316;6.07384;2.33739;3.77705;1.63783;-0.41393;4.20494;0.64219;0.68009;1.56401;6.13991;2.9862;2.92693;10.37307;2.97036;3.3872;5.27735;4.29115;4.40668;3.37913;4.51267;3.07868;4.75365;3.09763;4.34599;3.09928;2.70011;8.59767;5.17482;7.52983;5.48061;4.21917;-0.19912;0.36851;3.82254;3.88542;5.14776;0.48571;5.93715;6.46925;-1.01711;2.07852;1.49746;7.80613;2.48115;4.84752;4.02281;11.30307;4.63587;3.5348;9.44855;-0.97845;4.39881;3.54072;2.46709;5.66924;1.00968;0.43517;6.53823;1.64643;5.24879;7.39264;-0.18867;6.28388;4.48351;3.81452;2.86755;-0.81236
S.006;C57Bl/6;Serum;d70;Female;023Mus-2.csv;Pass;6.8628;4.6619;6.85654;0.69693;1.18449;1.53385;2.56783;1.00539;5.73098;5.73178;6.92098;1.80818;4.89413;4.91077;2.07067;2.28991;1.29831;8.73215;2.63335;5.16105;0.79668;5.55345;4.54966;6.4552;2.31623;6.20134;2.69775;4.29253;1.66709;-0.52197;3.94998;0.96548;1.2144;1.91675;6.27991;3.40901;3.2564;10.7751;3.03309;4.09461;6.39542;4.56844;4.11784;3.57204;4.47567;2.7975;4.36822;3.2748;4.33866;3.11632;2.79429;8.53211;5.34231;7.34105;5.82763;4.54879;-0.03166;1.21984;4.16999;4.06835;5.5133;0.72102;6.24043;6.24155;-1.47325;1.46252;1.35947;7.72317;2.87937;5.26081;4.19423;11.15777;4.87125;3.92103;9.8912;0.00479000000000007;5.01181;3.43402;2.64596;6.10792;1.30379;0.23511;7.03729;1.75156;5.22108;8.93633;0.16238;6.70422;4.22871;3.85362;3.03395;-1.0365
S.015;Hgf/Cdk4;Serum;d70;Male;023Mus-2.csv;Pass;7.15476;4.79686;6.94567;2.93366;1.09497;2.37855;4.75776;1.14993;5.62658;5.20852;6.23984;1.91879;5.10254;4.92306;1.93519;2.49849;1.95482;8.56582;2.4605;5.809;2.39378;5.80819;5.21295;6.74159;2.01039;6.78124;4.10228;4.05855;1.98998;-0.17274;3.82618;1.39;1.02315;2.35347;6.63848;3.06339;4.2066;10.46594;3.18114;2.67794;4.81934;4.50455;5.6207;3.70725;4.50327;3.42394;5.33357;3.51886;4.77738;3.15129;3.1964;9.0502;5.21399;8.61424;5.94901;4.38037;0.42358;0.94081;4.34956;4.00298;5.45916;0.99319;5.58319;6.84557;-0.90781;3.55179;1.74764;7.93406;2.96419;4.81421;3.45828;11.39936;5.14634;3.69868;9.10879;-0.54158;3.71973;3.54067;3.46844;6.0893;1.76069;0.07841;6.77901;1.68288;4.91581;8.89516;0.16355;7.01491;4.78526;3.53922;2.43971;-0.88038
S.016;Hgf/Cdk4;Serum;d70;Male;023Mus-2.csv;Pass;7.36291;4.98132;7.03786;2.42681;1.30064;2.23502;4.17665;1.21843;5.9186;5.54987;6.74378;2.10652;4.91981;4.79935;2.38817;2.58735;1.85028;8.86074;2.40092;5.21487;1.14206;5.45208;4.86042;6.89789;1.99925;6.74355;3.56771;4.15183;2.03749;-0.49471;3.85375;0.75445;1.19148;2.19846;6.63514;3.19644;4.04065;10.47824;3.35035;2.35995;4.95393;4.54022;4.44146;3.54459;4.2745;3.12708;5.32269;3.47978;4.79451;3.13842;2.99645;9.19673;5.33191;7.8423;5.7223;4.51334;0.08206;0.94271;4.36003;3.89827;5.16451;0.83509;5.37126;6.76769;-0.60548;2.87761;1.81298;7.79236;3.27336;4.82737;3.60306;11.45504;5.32861;3.8045;9.01119;-1.34423;3.67505;3.90168;3.5362;6.10303;1.70127;0.18552;6.58406;1.97065;4.89292;8.21285;0.4618;6.96854;4.46059;3.5555;2.48889;-0.96995
S.017;Hgf/Cdk4;Serum;d70;Male;023Mus-2.csv;Pass;7.05665;5.62964;7.02708;4.13242;2.20667;3.35387;4.17759;0.91031;5.86659;5.48406;6.09874;1.67995;4.69984;5.22905;2.24996;3.53781;2.28247;9.61041;2.6426;7.82342;1.65145;5.41326;5.86909;6.87682;3.26057;6.31295;3.33729;4.16997;1.57309;-0.46366;5.11195;1.87495;1.06442;1.78873;6.26888;2.77959;3.89015;10.56366;3.13988;2.79154;5.18549;4.65512;6.9258;4.01971;4.14511;4.5408;4.15025;2.90111;4.30925;3.01387;3.71952;8.929;6.13937;7.1101;6.01235;4.35028;2.10285;0.65383;4.04719;3.82999;5.5462;0.54572;6.75537;6.36876;-1.09366;3.68682;1.59843;8.31237;3.341;4.90121;3.64848;11.18353;5.7623;3.80395;9.13832;-0.24783;3.98199;2.88;3.4782;6.0959;2.24462;0.12674;6.45813;2.27136;5.24587;10.40253;0.33442;6.9472;4.58525;3.87752;3.13848;-1.13918
S.087;Hgf/Cdk4;Serum;d70;Female;023Mus-2.csv;Pass;7.09617;5.39773;6.96291;3.47053;1.91162;1.95409;4.13462;1.22852;5.97939;5.08471;6.03692;2.62451;4.00203;5.07844;2.0764;3.43692;1.46211;9.33104;2.65141;5.56747;2.72687;5.30756;3.99867;7.03897;2.914;6.22755;2.7159;3.94436;1.62083;-0.59294;3.82852;1.07304;1.21552;2.1981;6.32291;3.03553;3.10281;10.82546;3.41787;2.75495;5.3701;4.46237;4.12214;3.38852;3.5365;3.45463;3.4434;2.93223;4.15616;2.65362;2.67805;9.10925;5.91653;7.204;6.23009;4.52038;-0.54353;0.52356;3.96072;3.78588;5.52643;0.85926;6.8461;5.42894;-0.49387;3.63383;1.303;6.89832;2.78987;5.02458;4.08317;10.97838;5.64383;4.12106;9.18993;-0.80543;4.05307;3.43746;3.49907;6.06556;1.45925;0.2029;6.65766;1.87497;5.22916;8.79772;0.00475999999999993;6.84671;4.35532;3.60651;2.30426;-0.77925
S.030;Hgf/Cdk4;Serum;d70;Female;023Mus-2.csv;Pass;7.1513;5.13995;6.96178;1.49007;1.79492;1.24725;6.17764;0.95953;5.81086;6.00357;6.28141;1.71591;5.65579;4.73713;1.76105;4.2731;1.55522;8.9529;2.97177;5.86405;1.96989;5.38148;4.59893;7.10157;2.0313;6.63788;3.98233;2.55158;1.76763;-0.18793;3.7672;2.19297;0.64369;1.93288;6.17804;3.29317;3.85988;11.02051;3.95466;2.40605;5.08786;4.69493;5.00286;3.3914;4.20262;3.31093;4.03035;2.98054;5.71567;3.05907;2.46067;9.28501;5.25702;9.83516;6.30426;4.36656;0.99431;0.26879;4.16333;3.98149;5.59391;0.20153;5.13965;5.47315;-1.10766;3.53242;1.48894;7.50443;3.43343;4.99376;3.97777;11.3318;5.69519;3.64796;9.38119;-1.22951;3.87668;1.52437;2.86205;6.11663;1.5282;0.14734;6.80336;0.98116;5.19937;9.15684;0.1507;6.52471;4.64418;3.78748;2.89966;-0.77324
S.088;Hgf/Cdk4;Serum;d70;Female;023Mus-2.csv;Pass;7.00786;5.13439;6.85572;3.74066;1.37659;2.32873;5.34519;1.22565;6.0751;5.28859;6.8385;3.3947;4.72266;5.11325;1.79588;3.64288;2.0101;8.50814;2.45807;5.86695;2.0868;5.3764;5.46013;6.8387;2.42268;6.46831;3.469;4.03537;1.48365;-0.13553;3.69898;1.20993;1.01132;1.64312;6.05713;2.65144;3.94411;11.19311;3.49786;3.44761;6.09304;4.62599;4.7985;3.57137;3.46158;3.38059;4.22164;3.04069;4.0425;2.81941;2.94361;8.80484;5.09001;7.64695;6.10176;4.44298;0.09225;1.28261;4.67225;4.02577;5.4595;1.51438;6.46814;5.93103;-0.09237;5.28759;1.9278;7.24609;3.24294;4.99998;3.98342;11.02819;5.41207;3.56555;9.82281;-1.21307;3.94966;3.79357;3.1923;6.01647;1.77805;0.44424;6.93898;1.7295;4.912;7.84139;0.49052;6.88914;3.90425;3.611;2.82709;-0.93765
S.031;Hgf/Cdk4;Serum;d70;Female;023Mus-2.csv;Pass;6.63165;4.49067;6.43809;1.75551;1.63699;0.29512;3.3169;0.99227;5.35372;5.81919;5.78391;1.12421;4.98153;4.21969;1.33419;2.4757;1.34721;8.64476;2.48075;4.44305;1.63852;5.12341;3.63284;6.77471;1.75425;6.50928;2.60739;2.07869;1.47136;-0.2905;3.52482;1.10376;0.30262;1.87546;6.14022;3.08419;2.67513;10.26724;3.15951;1.99391;4.64115;4.16742;4.57633;3.05877;4.07482;2.27823;4.62689;2.98757;4.89998;2.74696;2.51128;8.97006;5.1657;8.24024;5.98595;4.18317;0.98273;-0.1496;3.69191;3.582;5.07333;0.27953;5.03126;4.71174;-0.35712;3.31794;1.26849;7.58656;2.46703;4.66802;3.93363;11.24898;5.06334;3.45038;9.64878;-0.70118;3.73154;1.31235;2.8618;5.88612;1.22484;1.13506;6.4197;0.97397;5.05405;10.17172;-0.05459;6.10023;4.56802;3.46277;3.00785;-1.21021
S.007;C57Bl/6;Serum;d70;Female;023Mus-2.csv;Pass;7.1711;5.0826;7.16732;1.49916;1.24735;2.37383;3.11278;1.15072;5.85886;5.64461;7.00503;2.55596;4.97216;5.35457;1.85121;4.61632;1.92655;8.79922;2.90535;5.55787;2.47706;5.76724;4.95145;6.55153;2.5346;6.55586;3.00778;3.86842;2.1203;0.11301;4.06591;1.25617;1.09736;2.37176;6.65897;3.44132;3.40614;11.474;3.51661;5.31018;5.52469;4.97769;4.38794;3.62651;4.91435;2.96891;4.26071;3.63905;4.83723;3.13358;2.64039;8.82736;5.44133;7.5873;6.00286;4.66564;0.03201;1.22959;4.3371;4.13958;5.49992;1.75114;6.12275;6.52557;-0.24178;1.88921;2.29605;7.63664;3.43473;5.17332;4.52757;11.27321;5.17154;4.11739;9.90528;-0.0713499999999999;5.11556;4.29869;3.4415;6.2225;1.81329;2.13481;6.38866;1.689;5.52327;8.06638;-0.21789;6.88024;5.02373;3.63887;2.95477;-0.78462
S.008;C57Bl/6;Serum;d70;Female;023Mus-2.csv;Pass;6.72019;4.77186;6.79828;3.18803;1.12641;1.57054;2.32032;1.24937;5.57717;5.36337;6.64023;2.43655;4.08999;4.7608;1.54231;4.09363;1.53582;8.44985;2.85587;5.01837;4.82917;5.53052;3.84829;6.31924;2.01757;5.95317;1.73736;3.62204;1.75503;0.34208;3.82349;0.71996;0.79444;4.92755;6.42227;3.17278;2.37891;10.9652;3.339;5.02825;5.14103;4.48586;4.1487;3.50462;4.82967;2.78892;4.83099;3.33797;3.88013;2.91864;2.90448;8.61434;5.27544;7.20264;5.68647;4.33864;-0.16834;0.79822;4.34933;3.90642;5.26293;1.36973;6.28769;6.55122;-0.48192;1.70632;1.48375;7.43592;2.73313;4.76004;4.32503;11.24772;4.67531;4.10329;8.89764;-0.16692;4.58827;3.63048;2.86076;6.14278;1.35686;1.23283;6.11478;1.27504;5.10073;8.5009;-0.25817;6.46032;4.81333;3.52491;2.11694;-0.81699
S.009;C57Bl/6;Serum;d70;Female;023Mus-2.csv;Pass;6.85744;5.29543;6.81563;2.1342;1.31474;1.89284;2.314;0.83993;5.46449;5.20017;6.46316;2.59553;4.19256;5.25176;1.45523;3.60411;1.33172;8.65827;2.72886;5.67279;3.92766;5.50359;4.36586;6.36829;2.76886;6.13111;2.54815;3.53674;1.28891;-0.59852;3.38805;1.45881;0.71617;1.74912;6.43633;3.05745;3.12842;10.55389;3.22167;4.43875;5.49188;4.60174;4.02836;3.28601;4.41408;3.30056;4.28337;3.09309;3.57126;2.61441;2.91969;8.13408;5.53878;7.38187;5.66128;4.3029;0.42728;0.67648;3.65602;3.77253;5.29454;2.23257;6.07706;5.62884;-0.4655;1.6987;1.76702;7.1111;3.11817;4.71396;3.95991;10.64742;5.1148;3.66617;8.95322;-0.34095;4.56413;3.85141;3.45264;6.01067;1.25324;1.25979;5.87169;1.79973;5.27179;9.43846;-0.0229200000000001;6.73934;4.75149;3.72182;2.33906;-1.16599
S.010;C57Bl/6;Serum;d70;Female;023Mus-2.csv;Pass;7.01284;5.24352;6.89648;1.73003;1.47481;2.48984;3.63319;1.34826;6.08892;5.89844;7.17964;3.07013;5.19681;5.11864;1.91058;3.9191;1.61708;8.90145;2.69044;5.25363;1.41897;5.58088;4.26853;6.40231;2.31876;6.47954;3.25212;3.92427;2.04351;-0.10069;4.18885;0.87113;0.97197;3.38561;6.38257;3.04564;3.50256;11.29782;3.46074;5.64911;5.19926;4.63307;4.92389;3.93173;4.81862;3.57136;4.95793;3.6693;4.3783;3.12975;2.53844;8.72072;5.30119;7.18144;5.78161;4.29882;0.45994;1.10426;4.66554;4.19397;5.52381;1.61558;6.79846;6.74595;-0.36581;1.79844;2.32244;7.89469;3.26266;5.05863;4.15522;11.42247;4.74236;3.83286;9.80591;0.02046;4.57734;3.61669;3.10559;6.22424;2.10099;1.87976;6.67013;1.83544;5.31229;7.80269;0.16545;6.96842;4.93491;3.82055;2.80197;-0.66461
S.011;C57Bl/6;Serum;d70;Female;023Mus-2.csv;Pass;5.9819;4.73703;6.36764;0.80558;0.15949;1.68393;2.57955;0.94218;4.89671;4.87846;6.26091;1.7802;3.9345;4.24169;0.91968;3.74306;1.3361;7.72106;2.32628;4.88242;3.1401;5.14519;4.13751;5.83641;1.66948;5.98637;2.26883;3.24315;1.22274;-0.22926;3.15575;0.62103;0.31068;1.47334;5.73598;2.39862;2.61429;10.0369;3.03064;4.58451;4.35808;3.90351;4.33929;3.11229;4.17909;1.98363;4.13865;2.88005;3.45396;2.31221;1.62797;7.83233;4.7717;6.34701;5.18945;3.71263;-0.18701;0.57507;3.59664;3.22369;4.93608;0.705;5.14691;5.63558;-1.02863;1.13551;1.67519;7.05697;2.58508;4.20417;3.56223;10.84246;4.1374;3.56173;8.44734;-0.70893;3.92687;3.38346;2.51255;5.54232;1.00017;0.74505;5.53973;1.70226;4.20248;6.91866;-0.03762;6.45952;4.11265;3.24769;1.95804;-1.17551
S.033;Hgf/Cdk4;Serum;d70;Female;023Mus-2.csv;Pass;6.95678;5.29295;7.23553;3.2705;1.77832;2.97031;3.12026;1.27976;5.77981;6.0127;6.81313;2.08314;5.83358;5.70217;1.89491;3.57321;2.05195;8.56827;2.50992;5.88853;2.3861;5.5467;5.5306;7.21496;2.67368;6.52421;4.3792;4.13823;1.84032;-0.19631;4.05954;1.31516;1.17304;2.3553;6.52513;3.05109;4.67422;11.05452;3.64988;3.81791;4.96071;4.7867;5.66062;3.96217;4.26989;3.88076;4.89354;3.37938;5.62408;3.53029;3.01865;9.38574;5.67977;8.87731;6.03577;4.55349;0.95087;1.24369;4.79751;4.55313;5.49123;1.05416;6.58585;6.98614;-0.20056;2.86939;2.02079;8.7689;3.58916;5.1302;4.02359;11.31961;5.84037;4.03954;9.8422;0.18577;4.35071;2.22632;3.17863;6.28292;2.23238;0.74885;6.64937;1.89864;5.47914;9.87784;1.19794;6.99033;4.52081;3.72869;3.32025;-0.5714
S.018;Hgf/Cdk4;Serum;d70;Male;023Mus-2.csv;Pass;7.2458;4.98416;6.80615;2.99594;1.177;2.18174;3.76253;1.42181;5.57096;5.96152;7.16576;1.63565;6.09758;5.07753;2.17657;2.7843;2.20028;8.68273;2.45317;6.09256;3.60552;5.51112;5.02692;6.81946;1.85304;6.78521;4.32226;3.72702;1.9237;0.03276;4.11375;2.01172;1.0197;2.20357;6.69407;3.15962;4.13009;10.17692;3.89098;3.18737;4.96878;4.44239;5.5982;3.52888;4.71199;3.8649;4.67623;3.22376;6.45205;3.44977;2.5854;9.19767;5.62514;9.52253;5.92896;4.54141;0.56598;0.54171;4.06053;3.75533;5.53164;0.5672;4.79508;7.09908;0.72967;2.72142;2.43411;8.92874;3.17222;4.6743;3.53432;11.42187;5.23632;3.78259;8.79676;-1.50018;4.14814;2.20546;2.98473;6.26875;2.02581;-1.10237;6.09797;1.80714;5.19783;8.27701;1.08136;6.77951;4.76943;3.39109;3.61854;-0.95526
S.034;Hgf/Cdk4;Serum;d70;Female;023Mus-2.csv;Pass;6.73711;5.52281;6.78079;3.63227;1.40452;1.34452;3.05429;1.50277;5.76629;4.8784;5.45167;0.77877;2.59755;5.33478;1.81677;2.75885;2.41058;8.81819;2.04978;6.53128;1.67298;5.20678;5.5764;6.889;2.2231;6.08649;3.26179;3.71744;1.64089;-0.01058;3.91869;2.81624;1.48758;1.68638;6.21901;2.56821;3.39263;9.89294;2.96767;2.37376;4.87383;3.79542;4.52786;2.94313;4.13985;4.09356;3.38732;3.33351;3.31821;2.35975;2.16462;8.99884;5.03341;8.48906;5.96396;3.80239;-0.39409;0.13202;4.61953;3.62769;5.14088;0.9021;5.90179;5.2807;-0.6984;1.97875;1.65248;7.25937;2.81039;4.55378;3.74044;10.65565;5.20174;3.63954;7.86612;-0.03716;4.13325;3.82957;4.27575;5.97382;0.87642;1.14994;5.96742;1.56488;4.33514;8.04513;0.57069;6.43825;4.18992;3.27914;2.64638;-1.52128
S.035;Hgf/Cdk4;Serum;d70;Female;023Mus-2.csv;Pass;6.87519;5.59328;7.00373;3.64967;1.63785;1.1179;3.94675;1.20751;5.47221;4.72529;4.92332;0.2978;2.20721;5.08842;1.99613;2.95933;2.70766;8.37598;2.58283;5.96014;1.60059;5.44847;5.72413;6.76447;3.13135;5.97522;2.19407;4.29511;1.28318;-0.12536;3.6935;2.45438;1.39164;1.85763;6.16883;3.19323;2.78456;10.4879;3.02784;1.40336;5.11368;4.28734;4.54395;3.19017;3.72983;3.48686;2.69307;2.83736;3.87107;2.1054;3.11455;8.27593;5.70183;7.87658;5.72103;4.33678;-0.15857;0.8638;4.2497;3.82875;5.1204;0.71823;6.3331;5.22902;-1.03185;3.26395;1.26797;7.97652;3.39766;5.41434;3.90195;10.27578;5.47338;3.80746;7.89231;0.3765;4.63255;4.40996;3.07151;6.2503;0.77297;1.67312;5.71326;1.97504;4.85443;9.62426;0.76941;6.444;3.79899;3.6655;1.94876;-1.26724
S.019;Hgf/Cdk4;Serum;d70;Male;023Mus-2.csv;Pass;6.60929;5.21505;6.70788;3.75783;1.05671;1.35935;4.29477;1.50928;5.3398;4.6824;5.16217;0.79765;2.81173;5.11653;2.20021;3.20754;2.1628;8.2849;2.16681;6.17935;1.03869;5.09466;5.29332;6.55885;1.66719;6.5112;3.3785;3.60349;1.44408;-0.46636;3.43068;3.09247;1.19226;2.0178;6.34579;2.78544;3.72229;10.38373;2.86724;2.11555;4.19079;3.90907;4.22398;2.99598;4.22656;3.22538;3.26295;2.63637;4.06431;2.31964;2.72744;8.77518;4.90068;9.00495;5.79487;4.12698;-0.05364;0.56577;4.17872;3.59054;5.14834;0.83314;5.30362;5.67822;-0.85277;3.46321;1.47544;7.15859;2.49746;4.43906;3.37269;10.99957;4.96565;3.66204;8.14673;-0.0723299999999999;3.45155;3.51769;4.161;6.12184;1.06748;0.5953;5.83087;1.48931;4.51666;7.83;0.6251;6.52272;4.23171;2.99135;2.0589;-1.0692
S.020;Hgf/Cdk4;Serum;d70;Male;023Mus-2.csv;Pass;6.72306;5.33885;6.724;5.44085;1.88105;0.91051;4.42265;1.25977;5.67494;4.4143;4.82031;0.9015;2.30369;5.26387;1.92473;3.43871;2.14766;8.95491;2.16678;6.18426;2.29467;5.23601;5.05524;6.57351;2.65936;5.98627;1.95713;3.52361;1.18067;-0.08397;3.06795;2.23212;1.05362;1.77118;6.70315;2.45698;2.57685;10.09788;2.86421;1.88335;4.72985;4.02543;4.45786;2.98218;4.32776;3.38146;3.02975;3.12226;3.82396;1.80622;2.62745;8.48552;5.85341;7.73343;5.86865;4.00398;-0.16452;0.18627;3.65368;3.76741;5.19388;0.54939;6.52495;4.93615;-1.03746;3.6096;1.76024;7.56656;3.03041;4.33013;3.33541;10.7212;5.13659;3.76448;8.07983;-0.82959;3.76618;3.89048;4.29509;6.0713;0.50662;0.3121;5.53103;2.29162;4.98361;9.22512;0.54634;6.4747;4.3862;3.27506;1.85425;-1.03935
S.021;Hgf/Cdk4;Serum;d70;Male;023Mus-2.csv;Pass;6.91981;5.80561;6.76397;5.29035;2.23478;1.35247;4.54676;1.3179;5.97458;4.97212;5.30397;1.1643;2.31119;5.58209;2.56367;4.26237;2.16865;9.66379;4.94743;6.57112;1.74807;5.83301;5.32851;6.74269;2.90032;6.18791;3.02847;3.92694;1.51876;0.0155799999999999;3.62;2.64709;1.45792;2.2084;6.93227;3.12556;3.11963;10.65826;3.29114;1.76859;4.946;4.27659;4.47735;3.39099;4.51834;4.22875;3.21851;3.36403;4.49978;2.49936;3.23068;8.72433;6.11926;8.36101;6.29859;4.67494;-0.28734;0.60223;3.98583;4.05283;5.65692;1.11992;7.67177;5.46376;-0.71703;3.5583;1.66973;7.67945;3.25668;4.67788;3.46756;10.79736;5.5925;3.9953;8.33118;-0.56295;4.10144;4.05057;3.54585;6.25943;0.81502;-0.25954;5.67226;2.327;5.14752;11.71761;0.56725;6.61628;4.64039;3.91358;2.54319;-1.03945
S.036;Hgf/Cdk4;Serum;d70;Female;023Mus-2.csv;Pass;7.2718;5.88008;7.16246;4.66022;2.87281;2.61817;5.099;1.39952;6.37741;5.25791;6.04459;0.71315;4.21373;5.99398;2.72754;3.74341;2.34784;9.70697;2.60998;6.78667;2.00549;5.59567;6.05851;7.04049;3.14411;6.38475;4.40585;4.113;1.62824;-0.08983;4.52594;2.42578;1.27936;1.96851;6.4127;3.02788;4.83093;10.6095;3.55112;3.12184;5.08234;4.50685;4.37892;3.78997;3.9169;4.2187;3.83983;2.84051;4.47039;2.47458;2.78448;9.25909;5.91387;9.15465;6.43881;4.57075;0.14311;1.32588;4.27666;4.33873;5.583;0.76737;7.55722;6.09925;-1.10975;4.23069;1.68782;7.18032;3.53912;5.09242;4.02119;11.26522;5.68094;3.7382;9.07242;-0.50863;4.71317;3.96527;3.44861;6.24878;1.58354;1.04879;6.25771;5.81852;5.31312;11.02449;1.28825;6.87898;4.62056;3.68026;3.20368;-0.95915
S.037;Hgf/Cdk4;Serum;d70;Female;023Mus-2.csv;Pass;7.29635;5.46678;7.24326;5.8131;2.43731;2.74246;3.267;1.24866;5.5609;5.38809;5.85448;0.8119;4.20973;5.95797;1.80113;3.61007;2.16583;9.68671;2.59839;6.55363;0.62846;5.53186;5.64993;7.03471;3.24628;6.15491;4.20502;4.3042;1.59119;-0.16445;4.03238;2.22871;0.90982;2.05575;6.33907;3.35572;4.80573;10.47983;3.25775;3.89711;5.54999;4.61906;4.44099;3.74247;3.99991;4.12403;3.41841;3.07356;4.1435;2.80803;2.92522;9.1541;5.63661;6.38933;6.29429;4.38495;0.17645;0.9411;4.42153;4.83386;5.53318;0.68;6.84787;5.66209;-0.7711;3.602;1.5149;6.7219;3.50134;5.3526;4.21891;11.19865;5.70096;3.69326;9.3297;-0.85312;4.70408;4.14432;3.76664;6.20533;1.47141;0.60674;6.74894;1.95898;5.14348;10.97279;1.00185;6.83052;4.63104;3.66586;3.14855;-1.23096
S.032;Hgf/Cdk4;Serum;d70;Female;023Mus-2.csv;Pass;6.67577;5.27491;7.00546;3.38561;1.76112;0.27663;4.31673;1.18891;5.38433;5.02364;4.88222;0.74583;2.14089;5.02598;2.19789;3.41721;1.07454;8.80243;2.55531;5.32024;2.6263;5.3805;3.44892;7.116;2.95347;5.9553;1.58124;3.43701;1.42597;-0.15228;3.18244;1.11546;0.87845;1.8536;6.16582;3.05475;2.47968;10.55947;3.23381;0.97041;5.32474;4.13473;3.07446;2.96674;3.89936;2.61166;4.01914;2.62058;3.84316;2.77322;2.8158;8.78632;5.73345;7.44454;6.10065;4.29447;-0.38399;-0.00591999999999993;3.77469;3.61995;5.27097;0.67439;6.09183;4.89405;-0.59106;4.43382;1.50154;5.75609;1.96232;5.18228;4.13582;10.81357;5.76023;3.87245;8.6657;-0.65636;4.266;2.56113;3.61153;6.12642;0.78596;0.81162;5.74788;2.1267;5.32444;9.24172;-0.37702;6.46047;4.24949;3.59734;2.22215;-1.07508
S.133;C57Bl/6;Serum;d5 IKK-015;Female;016Mus-2;Pass;6.76537;5.22004;6.70965;1.77792;0.73429;1.63436;1.42494;1.14408;6.17079;5.4152;7.42285;1.38868;5.3369;4.77148;1.53857;2.89621;1.4361;8.36196;2.64917;5.35762;2.60049;5.6204;4.90655;6.37762;2.06112;6.43679;3.2293;4.39028;3.22412;-0.19786;3.76853;0.7515;0.99206;1.80331;5.67001;2.99327;3.26595;10.47025;2.90746;2.41383;4.7607;4.64889;4.93331;3.56167;4.58096;3.13894;4.50251;3.06356;4.25418;3.2309;2.57654;8.59838;5.20838;8.1453;5.26035;4.27616;-0.20751;1.1329;4.52923;3.89078;5.45116;0.69987;5.48834;7.18827;-0.77167;1.37732;1.16705;8.80252;3.25435;5.09045;4.44533;10.89251;4.74762;3.99885;8.71053;-0.36045;4.78194;2.71942;3.11564;5.84303;1.84505;2.60907;6.24249;1.38837;4.82456;8.2534;-1.01002;6.62242;4.46819;3.99451;2.28635;-1.3412
S.134;C57Bl/6;Serum;d5 IKK-015;Female;016Mus-2;Pass;7.22692;5.36806;7.01396;1.57771;0.97773;1.96567;1.70328;0.98139;6.3566;5.76552;7.52431;1.02724;5.52984;4.99871;1.67219;3.11265;1.65864;8.63822;2.9344;5.59743;1.5357;5.94905;5.0771;6.66989;2.53598;6.53288;3.71117;4.5684;1.84998;-0.06819;3.84219;0.57636;1.37979;1.58395;6.31222;3.71629;3.50216;10.58584;3.04284;2.90303;5.15053;5.02021;5.04672;3.68643;4.83868;3.19061;4.9823;3.59252;4.88572;3.48716;3.46481;8.87343;5.61635;9.69476;5.56493;4.6925;-0.01746;1.06572;4.83629;4.21737;5.30169;0.82711;5.46481;7.29082;-0.56205;1.27685;2.12905;9.03001;3.2591;5.51728;4.5408;11.13005;5.07792;4.29295;8.78578;-0.22072;5.30343;2.85092;3.55685;6.37867;1.84382;1.48448;6.43465;1.80227;5.27082;8.24308;-0.31485;6.65838;4.8669;4.13146;2.94211;-1.35226
S.135;C57Bl/6;Serum;d5 IKK-015;Female;016Mus-2;Pass;6.93983;5.19316;6.76009;1.23406;1.06258;1.8781;1.71643;0.93929;5.94102;5.33456;7.26457;1.41561;5.43061;4.66942;1.49845;3.06759;1.37214;8.63548;2.73053;5.1027;1.55386;5.44498;4.9937;6.27947;2.3992;6.19718;3.24635;4.58523;1.3447;-0.42077;3.98401;0.11849;1.02707;1.45302;5.47831;3.03088;3.33515;10.22706;2.77716;2.21816;4.84329;4.76881;5.10308;3.61254;4.47463;3.0883;4.72116;2.93957;4.44569;3.13185;2.68775;8.50641;5.01354;8.88731;5.01312;4.36082;-0.07247;1.0416;4.32745;4.02143;5.44001;0.62096;5.61372;7.32264;-0.5323;1.32045;1.31816;9.06889;3.24656;5.33254;4.26467;10.91377;4.63691;3.76947;8.60225;-0.49471;4.73047;2.86777;3.20067;5.98993;1.72933;0.75888;6.56472;1.8448;4.9381;7.7715;-0.57754;6.39432;4.2258;3.91476;2.29334;-1.31058
S.136;C57Bl/6;Serum;d5 IKK-015;Female;016Mus-2;Pass;6.90766;5.36208;6.52659;1.09486;0.9223;1.13566;0.66198;0.8687;6.21826;5.58637;7.34793;1.54687;4.81969;4.51975;0.73884;3.56014;1.46858;7.92376;2.79214;5.09457;3.48941;5.69505;4.54523;6.15376;2.28042;6.34185;2.7307;4.27113;1.58769;-0.62751;3.68186;0.57013;1.09301;1.59986;5.8248;3.17309;2.78831;10.90912;3.18016;2.36367;4.79381;4.38453;4.62837;3.41433;4.59343;3.39621;3.97317;3.11463;4.09288;3.3492;3.06759;8.61332;5.14374;8.83737;5.07375;4.37993;-0.19652;0.86489;4.45527;3.63833;5.5287;0.7863;4.69675;7.01808;-0.76074;0.73039;1.42879;8.61355;2.59561;5.22542;4.32813;10.93134;4.88181;3.70466;8.47522;-0.85957;4.82175;3.15824;3.08952;6.37641;1.51435;1.6217;6.06688;1.68955;4.82653;7.57024;-0.78051;6.66284;4.42755;4.03875;2.03304;-1.39331
S.137;C57Bl/6;Serum;d5 IKK-015;Female;016Mus-2;Pass;6.93747;5.46127;6.62103;0.34355;0.75047;2.11638;3.16509;1.07126;6.83374;5.5008;7.81309;3.81684;5.69946;4.80176;1.77431;3.4028;1.84277;8.3389;2.62798;6.12102;3.77588;5.5877;5.78805;6.17159;2.19927;6.57079;4.016;4.59871;1.6642;0.11062;3.97064;0.99438;1.48387;1.5258;5.82699;3.29745;3.9565;11.01545;3.33925;2.39159;4.80629;4.73959;5.2124;3.69427;5.09922;3.92264;4.05656;3.17399;4.15;3.28281;3.12848;8.60295;5.08789;8.07343;5.31247;4.65158;-0.00936;1.48034;4.91864;4.12172;5.80015;0.9806;5.27343;7.25779;0.28188;2.30261;1.60646;9.08355;4.0298;5.21222;4.19746;11.00627;4.81525;4.09449;9.63391;-0.80505;4.73977;3.09429;2.3289;5.89162;2.0839;1.90356;6.67916;1.77476;4.87879;8.18569;0.13506;6.86975;4.36509;4.03085;3.26287;-1.29356
S.138;C57Bl/6;Serum;d5 IKK-015;Female;016Mus-2;Pass;7.22955;5.71456;7.02061;1.31297;1.95962;2.40808;1.45697;1.54681;5.6844;5.67137;7.8865;1.85985;6.45082;5.84509;1.58321;2.9374;2.48943;8.47073;3.09157;7.04392;3.79658;5.4237;6.03154;6.15626;2.334;6.4569;4.71187;4.86327;1.69308;-0.37242;4.38938;2.01373;1.04749;1.76603;5.29511;3.76325;4.60334;10.88656;3.2283;3.50988;5.17572;5.08441;5.52585;4.40454;4.50532;4.59963;4.0157;3.22907;4.16717;3.43087;3.07062;8.45555;5.02511;10.318;5.12381;4.47741;0.61258;1.63988;5.21728;4.85524;5.41918;0.89728;5.61934;7.33025;-0.01336;1.04926;1.46487;9.05869;3.95459;5.88978;4.27118;11.25227;4.73969;4.06198;8.8493;-0.46468;4.53213;2.71212;3.19045;6.64646;2.21882;0.7805;7.34192;1.67196;5.03032;8.95551;0.88995;6.58192;4.42909;4.02434;3.18452;-1.34778
S.139;C57Bl/6;Serum;d0 IKK-015;Female;016Mus-2;Pass;6.75139;4.90254;6.67485;1.76315;0.275;2.00248;2.55161;1.00286;5.75698;5.03956;7.43298;1.32416;4.6927;4.60196;4.016;2.88649;1.73711;7.86762;2.57855;5.79024;3.97292;5.54723;5.01374;6.35328;1.67166;6.19896;2.7023;4.37457;3.37815;-0.18028;3.55872;1.29213;0.94491;1.80321;5.72129;2.72209;3.16849;10.39248;2.97286;3.64538;4.58496;4.45974;4.38967;3.45043;4.58421;4.02967;3.89346;2.90747;3.94269;2.77503;2.79438;8.24833;5.10855;8.2595;5.27888;4.29857;-0.28216;1.22125;4.74421;4.00879;5.21153;0.74182;5.55141;6.28263;-1.14917;2.26144;1.00622;8.11093;3.15413;5.11941;4.12503;10.95854;4.63381;3.89632;9.09189;-0.45789;4.51111;3.11422;2.78292;5.72115;1.46757;2.16454;6.22351;1.36473;4.61236;7.82442;-0.17202;6.54938;4.09403;3.63231;2.59451;-1.37622
S.140;C57Bl/6;Serum;d0 IKK-015;Female;016Mus-2;Pass;7.45215;5.39492;7.29486;2.48461;1.08868;2.91133;2.58795;1.01022;6.08427;5.79717;7.49244;1.41379;5.59684;5.76925;2.34415;3.86217;1.97374;9.01279;3.19924;5.96504;1.32001;6.0328;4.76751;6.91222;2.61311;6.53475;3.62452;4.47386;2.23307;-0.66104;4.45342;1.42292;1.55374;2.33133;6.64728;4.03161;3.84978;11.05883;3.39904;4.96834;5.84858;5.49159;5.0529;3.96126;5.19127;4.12794;5.37025;3.58622;4.46717;3.41555;3.53081;8.80404;5.74898;8.28678;5.6783;4.99832;0.27411;1.33162;4.84756;4.54883;5.63935;1.26887;6.65089;6.61133;-0.63016;1.35399;1.53519;8.55085;3.70413;5.77695;4.99501;11.41248;5.39717;4.40042;9.86638;-0.47124;5.28778;3.44885;3.57625;6.52077;1.95677;1.57068;6.8132;1.79817;5.57495;9.06546;0.19747;6.63624;4.86743;4.21132;3.61795;-0.79363
S.141;C57Bl/6;Serum;d0 IKK-015;Female;016Mus-2;Pass;6.89824;5.01714;6.66741;1.06111;0.87277;2.07186;1.72258;0.90664;5.75286;5.31703;7.59382;1.26627;4.76646;4.49258;1.64232;2.57648;1.90291;7.94707;2.75239;5.64779;4.038;5.55354;4.88305;6.58709;2.09011;6.15122;2.77487;4.20053;1.60891;-0.22887;3.86005;1.11315;1.28665;1.97947;6.03661;3.08857;3.04276;10.53622;2.99759;2.85452;4.55837;4.67985;4.70141;3.48;4.88172;3.73945;4.28294;2.92704;4.25774;2.81206;2.84259;8.47899;5.12621;8.77001;5.1015;4.30362;0.23511;1.06456;4.74065;3.77904;5.38006;0.71123;5.48101;6.40202;-1.23782;0.62325;1.50053;8.4986;3.19659;5.16799;4.10438;11.17718;4.66899;3.8847;9.76223;-0.86723;4.48405;3.27933;2.66635;5.85082;1.59418;1.39147;6.27501;1.1655;4.83355;7.50277;0.01574;6.84068;4.27781;4.04173;3.21943;-1.29329
S.142;C57Bl/6;Serum;d0 IKK-015;Female;016Mus-2;Pass;7.07641;5.24567;6.98636;1.45262;1.13841;2.31355;1.44038;0.84983;5.6318;5.49234;7.00216;1.49254;4.80128;5.18879;1.82961;2.67442;1.75413;8.53022;3.00087;6.42967;3.04989;5.81528;4.32976;6.58882;2.06052;6.38303;2.9366;4.43596;1.79068;-0.25587;3.98945;1.2147;1.00922;1.98932;5.88336;3.46421;3.41453;10.33901;3.21024;3.74092;5.4049;4.84439;4.4938;3.5371;4.60733;3.72214;4.94853;3.00902;4.01388;3.05207;2.88662;8.5678;5.28728;8.39944;5.50291;4.31851;0.21318;1.16981;4.49482;4.18348;5.40145;0.95967;5.86581;6.2991;-0.26179;1.02506;1.50233;8.06537;3.29873;5.45048;4.49307;11.24437;4.9117;3.95372;9.00381;-0.84527;4.80717;3.54091;3.14519;6.21373;1.65182;1.43374;6.56765;1.65016;5.23903;7.33747;0.19064;6.62047;4.38163;3.72745;3.17219;-1.42737
S.143;C57Bl/6;Serum;d0 IKK-015;Female;016Mus-2;Pass;7.19078;5.14842;7.01283;2.52078;0.88339;2.22185;2.31438;0.96069;6.20123;5.52437;6.98573;2.26286;5.08547;5.1111;2.32794;3.64711;1.57927;8.70093;2.97901;5.61238;4.42506;5.97311;3.82234;6.7635;2.12176;6.38235;2.66219;4.71746;2.01057;-0.16135;4.31582;1.279;1.37096;1.89963;6.33302;3.53839;3.02189;11.095;3.27248;4.09071;5.45893;4.91479;4.23374;3.78134;5.35405;3.5331;4.87527;3.26035;4.23413;3.31808;3.44178;8.71247;5.45492;7.90619;5.60581;4.75443;0.04504;1.27464;4.42413;4.20219;5.44715;1.03123;6.16885;5.95013;-0.12469;1.53764;1.14487;7.83265;3.51271;5.56068;4.59108;11.21033;5.05301;3.87204;9.6927;-1.39491;5.02065;4.05554;2.41656;5.92457;1.65896;0.80576;6.74889;1.54612;5.36927;8.09598;-0.13672;6.71632;4.47379;3.97174;3.20202;-1.27164
S.144;C57Bl/6;Serum;d0 IKK-015;Female;016Mus-2;Pass;7.15873;5.13457;7.02887;2.06428;0.94507;2.54246;2.20382;0.98823;5.71184;5.27348;7.13117;1.68382;5.2112;5.41779;2.18028;2.96298;2.00944;8.46486;2.90199;5.82186;2.06472;5.68796;4.70167;6.49153;2.62327;6.36052;3.40133;4.57791;1.88159;-0.01198;4.19703;0.90752;1.47514;2.00953;5.9505;3.51948;3.24073;10.73618;3.28269;4.41584;4.97127;4.98998;4.47924;3.81619;4.57676;3.49238;5.01289;3.2324;4.08467;3.01414;3.36371;8.55892;5.27021;7.387;5.59681;4.58614;0.27707;1.36302;5.08152;4.22592;5.28063;1.14295;6.01014;6.39253;-0.28524;1.17713;1.44089;7.95021;3.36468;5.57433;4.53466;11.12634;4.85586;4.14729;9.28346;-0.37694;4.74568;3.98893;2.97647;6.29601;1.79878;1.62683;6.67094;1.79035;5.05851;8.06679;-0.20797;6.78407;4.48814;3.98486;3.16471;-0.85363
S.145;Hgf/Cdk4;Serum;Long monit endpoint;Female;016Mus-2;Pass;6.97265;5.62526;7.00471;4.8394;2.03455;1.74587;2.85667;1.43895;5.94241;4.98689;6.0505;0.768;4.35457;4.86829;1.88032;4.4424;2.4618;8.29995;2.24144;7.0653;1.47269;5.05443;5.89479;7.09969;2.9734;6.21369;4.39793;3.25225;1.42954;0.01406;3.91706;2.29125;0.93043;2.19783;6.24893;2.89606;4.23921;10.2328;3.39834;2.43652;4.84722;4.30941;4.36485;3.11162;3.81994;3.85895;3.05484;2.21925;5.51792;2.95645;2.49027;9.71534;5.72514;8.10646;6.1126;4.15148;0.22697;0.69123;3.50588;3.81653;5.83076;0.42564;5.96577;6.14907;-0.63344;3.37952;1.39463;7.18537;3.41154;4.72978;3.60822;11.20815;5.73516;3.55059;8.63507;-0.30511;3.80638;3.26747;3.96163;6.10048;1.37721;0.04108;6.15565;2.23732;5.5155;8.19245;2.14187;6.40567;4.26134;3.36751;2.88499;-1.51641
S.146;Hgf/Cdk4;Serum;Long monit endpoint;Female;016Mus-2;Pass;6.80852;5.00514;7.0821;5.73129;2.06011;1.79232;3.32331;0.85973;6.90754;4.45821;7.56218;3.50292;5.4028;5.99517;0.92968;4.7054;2.99808;8.74388;2.17471;7.41907;12.60929;4.91214;7.71715;6.72284;1.91494;5.56469;4.27715;3.46254;1.28959;0.41761;4.22601;3.03062;1.79328;1.94299;5.57671;2.56271;3.41294;11.78683;2.7406;2.43945;5.60715;5.02955;5.18887;4.03309;3.6034;4.46148;2.32044;2.78639;4.01976;3.04994;2.46261;8.87312;4.85679;7.49877;5.9317;4.75166;0.34751;1.23015;4.733;5.58226;5.73951;-0.12318;5.49157;7.04561;0.26836;2.86521;2.20082;8.85567;4.51634;5.14551;3.42471;10.68926;5.26374;3.44287;9.84794;1.55046;2.82791;3.44851;3.32166;6.12507;3.34184;-0.6928;7.23194;1.32752;4.75134;9.12695;0.46284;6.75228;4.18066;3.5437;5.34901;0.30943
S.147;Hgf/Cdk4;Serum;Long monit endpoint;Female;016Mus-2;Pass;6.95408;5.62566;6.90369;4.97463;2.07541;3.01513;3.96074;1.03501;6.63235;4.89585;6.70218;1.77577;4.71926;5.3454;1.58296;5.15442;2.32437;8.62097;2.53817;7.13702;4.3999;5.22818;6.13695;6.74876;3.0536;6.31699;3.45814;3.81087;1.48553;-0.54566;5.73761;1.63947;1.33052;1.89165;6.05267;3.62253;4.24909;10.91243;3.25409;2.56967;5.21551;4.19023;6.71849;3.91593;4.04529;4.56895;3.5072;2.70177;4.789;2.93865;2.85816;9.20713;5.73362;7.96116;6.0803;4.6399;1.88749;1.25944;3.89929;3.86782;5.71679;0.70879;6.66022;6.32061;-0.39893;3.37172;1.95099;8.35364;3.59395;4.8025;3.85937;11.05003;5.36016;3.66137;9.1466;-0.02408;3.66811;2.52091;3.41088;6.23134;2.57671;1.0202;6.28386;2.11069;5.3422;9.21519;0.95269;6.85794;4.79777;3.67651;3.77073;-1.02941
S.148;Hgf/Cdk4;Serum;Long monit endpoint;Female;016Mus-2;Pass;7.3303;5.8776;6.89648;5.26716;1.04106;2.12513;1.72421;1.41065;5.72764;4.53744;6.52328;1.75229;3.77158;5.15181;1.4722;11.73472;2.57241;8.24398;2.48137;7.71566;6.06516;5.02229;6.39775;6.39393;1.75122;6.09918;4.18081;4.19943;1.46338;-0.16451;4.43344;2.83642;1.86166;2.42557;5.88506;3.96117;4.36677;9.38545;3.73757;2.60506;5.47879;4.16164;4.3369;3.905;4.67291;3.59394;3.14201;2.33327;3.43962;2.52949;3.07221;9.13022;5.53489;9.05905;5.38324;5.15835;0.53138;0.92349;5.31035;4.59849;6.00294;0.25977;3.99076;6.83423;0.02501;1.73157;1.31272;6.95327;3.27732;4.98778;3.52377;10.56537;5.26085;4.58961;8.00144;-0.04391;3.68142;3.73829;4.00105;6.47632;1.36432;-0.04209;6.8504;1.10042;4.41483;7.69544;1.04243;6.94421;4.4975;4.15033;2.65422;-1.3427
S.149;Hgf/Cdk4;Serum;Long monit CTRL;Female;016Mus-2;Pass;7.06926;5.8256;7.07563;3.89715;2.12952;1.21213;4.73826;1.05874;6.12746;5.573;6.18929;0.84898;3.44111;5.26508;2.60232;4.58257;1.58826;8.80697;2.63348;5.80782;1.32687;5.58375;4.49483;7.25224;3.15989;6.43249;2.79269;3.98169;1.82183;-0.01784;3.77625;0.64402;1.427;2.06653;6.53465;3.4755;2.93361;10.7615;3.54707;1.97551;5.02921;4.24702;4.31276;3.52167;4.01566;3.77531;3.84403;2.78445;4.80992;3.91004;3.28563;9.28372;6.17911;8.52959;6.59458;4.77407;-0.08536;0.75357;4.51343;3.89727;5.74778;0.5248;6.69738;7.15993;-0.92471;3.70948;1.28732;8.21181;2.54071;5.06871;4.10253;11.09402;5.80444;3.9901;9.02834;-0.8005;4.73421;3.40085;3.20482;6.17275;1.24712;1.04071;6.21105;2.13487;5.37583;11.31127;0.11073;6.99057;4.69071;3.78232;2.28946;-0.64681
S.150;Hgf/Cdk4;Serum;Long monit CTRL;Female;016Mus-2;Pass;6.79358;5.22405;7.07897;4.35288;1.6049;2.85933;3.35324;1.28163;5.87071;5.17422;7.2594;2.02937;5.39511;5.47382;1.51208;2.70679;2.74044;8.7455;2.03599;7.02105;4.85147;5.16973;6.70775;7.19389;2.19704;6.45689;4.62932;4.36642;2.1455;-0.17742;3.97588;1.93639;1.2398;1.83129;6.67524;3.82911;4.71694;11.10746;3.99981;4.41735;5.06433;4.19205;5.29184;3.69618;3.99883;4.2051;3.65313;2.94202;5.89023;3.36168;3.52811;9.67638;4.58135;9.46552;6.03084;4.35522;0.48178;2.03532;5.02304;4.47228;5.78836;0.7286;5.89803;6.97571;0.2356;3.12247;1.68161;8.2317;3.86739;5.07383;3.87815;11.16052;5.37178;3.66027;10.48652;0.13358;3.4715;3.86033;4.25965;6.07033;2.2068;0.91652;7.01384;1.82019;5.28898;8.41267;1.03382;6.6768;4.12662;3.2675;2.97206;1.26563
S.151;Hgf/Cdk4;Serum;Long monit CTRL;Female;016Mus-2;Pass;6.74385;4.79243;6.80098;4.91481;1.57437;1.15213;2.86544;0.75041;4.91062;4.77462;5.13012;1.43318;2.90458;4.8183;1.68115;3.18073;1.10862;8.63147;2.45806;5.6226;1.3723;5.08355;3.22939;6.9672;2.7531;5.80832;1.52232;3.67634;1.35735;-0.34017;3.71479;-0.12226;0.44094;1.8272;6.28874;3.12758;2.37744;10.52812;3.36429;2.17344;5.17293;3.99985;3.76843;3.13331;3.83161;2.64078;3.60701;2.20933;4.18158;2.69792;3.16446;8.99306;5.29389;7.19592;6.11767;4.09767;-0.26332;0.46826;3.76916;3.63732;5.24177;0.38675;5.53619;5.25749;-1.0361;3.74636;1.01632;5.7061;2.04967;4.73572;3.96945;10.72196;5.15107;3.42285;8.99148;-0.35495;3.87422;3.91304;3.37847;5.72059;0.76446;-0.20628;6.12116;1.9663;4.90748;9.48015;-0.69156;6.63194;4.52266;3.30738;1.35456;-1.31346
S.152;Hgf/Cdk4;Serum;Long monit endpoint;Male;016Mus-2;Pass;7.25724;6.3575;7.06603;4.03908;2.04492;1.83405;4.20576;1.40769;5.84376;5.09556;6.0107;0.96093;2.93473;5.86399;2.29921;4.87917;2.17813;9.65345;2.55191;7.5854;2.02455;5.63416;5.49006;6.59517;3.19046;6.59318;3.56877;3.87918;1.49717;-0.46255;3.75956;2.12628;1.34593;1.97246;6.32012;3.08823;3.94332;10.30054;2.92932;2.19528;5.12657;4.43405;4.45196;3.56292;4.39304;4.57751;4.10825;3.25335;5.21448;3.06634;3.05024;9.05278;6.16764;9.98059;5.7915;4.41206;-0.01807;1.07358;4.0724;4.11171;5.87582;0.88542;6.36847;6.7989;-1.18167;3.04589;1.52209;7.74913;3.18274;4.8587;3.6138;11.1718;5.45631;3.94077;8.02964;-0.07926;3.45879;3.51215;4.59677;6.43855;1.296;0.13994;6.45832;2.30178;5.37228;9.77016;0.61349;6.86325;4.92644;3.66725;2.63829;-0.79119
S.153;Hgf/Cdk4;Serum;Long monit endpoint;Male;016Mus-2;Pass;6.74254;7.03987;6.97239;8.6464;1.75533;2.11252;0.52373;1.24425;5.59279;4.51518;6.80642;4.53969;5.3472;5.34064;1.11961;4.61835;3.09676;9.17031;1.8824;7.50127;7.58725;4.87682;7.38426;5.70984;2.37822;6.00663;4.37554;3.78556;1.3074;0.59709;5.91938;2.63407;2.13811;3.83612;4.92213;3.25362;4.31854;11.92576;3.15538;4.15013;5.66089;5.14125;4.36298;5.37769;5.25185;4.10423;3.14683;2.32226;3.33679;2.60998;1.2534;10.57426;4.96388;5.90641;5.41449;4.90305;1.19526;2.27112;6.63303;5.60525;5.41947;0.51045;4.02981;6.66527;-1.24396;1.68161;1.48089;7.66783;4.0048;5.85712;2.64158;10.88793;4.75636;4.31648;7.67153;-0.23754;2.54187;3.43291;3.9297;6.72953;1.80703;-0.91865;9.08728;2.6242;4.88692;9.68056;3.76698;7.45985;5.95816;4.78296;6.79367;-0.52503
S.154;Hgf/Cdk4;Serum;Long monit endpoint;Male;016Mus-2;Pass;7.17122;5.6664;6.73878;2.12624;1.10991;0.36148;3.55203;0.98578;6.88979;5.14774;6.15657;4.03123;3.20336;4.88521;2.57395;3.28068;1.25015;8.46736;2.07408;5.81019;2.19935;5.24661;4.49954;6.35634;1.87329;6.00048;2.12207;4.18214;1.75833;-0.18811;3.5373;0.38479;1.86291;2.9333;6.90845;3.18917;2.29595;11.12484;2.71468;0.27124;4.99074;4.32293;4.27665;3.65546;4.79453;2.79456;5.19729;2.93239;4.75352;3.28376;2.69613;9.16005;4.97765;9.14156;5.236;4.48054;0.05974;0.80731;5.04983;4.14773;5.72921;1.57354;6.29068;7.26419;-1.12568;2.47253;1.44182;8.14147;2.22875;5.42262;3.28435;11.25372;4.90323;3.69885;10.32318;-1.45598;3.33617;3.64409;3.12772;6.4756;1.48711;0.21031;6.90515;2.14935;5.02364;8.52092;-0.31736;7.08187;4.6745;3.90549;2.31611;-0.68086
S.155;Hgf/Cdk4;Serum;Long monit endpoint;Male;016Mus-2;Pass;7.30734;5.80642;7.0539;2.37734;1.52296;1.60955;4.12944;1.19635;5.38365;5.37706;5.86601;0.91741;2.9998;5.27414;2.32396;2.48921;1.77957;8.77172;2.32261;6.13917;1.24788;5.27365;4.94281;6.79956;1.93838;6.62076;3.45242;4.37508;2.00689;-0.35961;3.83659;1.1854;0.94209;1.5902;6.47287;3.17969;3.71112;10.24362;2.97638;2.10269;4.91985;4.26159;4.32347;3.37548;4.437;3.49438;5.25726;3.29946;5.46142;3.30022;3.3528;9.29397;5.27814;9.07824;5.69987;4.16267;0.33525;0.38016;4.18089;4.06946;5.57164;0.3742;4.82268;7.05601;-0.61023;3.04739;1.26437;7.8343;2.38826;4.73961;3.39236;11.28424;5.25645;3.61802;8.60256;-0.19735;3.5263;3.55766;4.00144;6.26264;1.23413;-0.59732;6.41145;2.01038;5.1281;8.21445;-0.20094;6.755;5.0976;3.30298;2.02979;-0.26187
S.156;Hgf/Cdk4;Serum;Long monit CTRL;Male;016Mus-2;Pass;6.99953;4.77442;7.15563;3.74261;1.89375;1.9662;4.52367;1.14966;5.54043;5.40123;6.58959;4.46994;4.95935;4.56394;2.52959;3.25243;1.61246;8.74018;2.33634;6.5064;2.11195;5.14607;4.75746;6.97276;1.98163;6.33319;3.25794;4.12109;1.92188;-0.02433;4.14605;0.06165;1.18685;1.867;6.58226;3.00336;2.89445;12.55503;4.56257;3.18208;4.72764;4.31174;4.7844;3.58521;4.43055;2.87417;4.46061;3.06937;5.77334;3.42752;3.47339;9.38072;5.10589;8.31718;6.21612;4.44158;0.17191;0.91038;4.37838;3.87611;5.25369;0.46131;5.29494;7.37321;-0.84097;3.7484;1.80575;8.35053;2.67446;4.55221;3.76061;11.16776;5.38509;3.74637;9.45012;-0.54612;3.23552;3.23819;3.60425;6.0382;1.70347;0.88524;6.42807;1.80521;5.10884;9.68038;-0.40044;6.69825;4.9458;3.26939;3.25762;-0.78855
S.157;Hgf/Cdk4;Serum;Long monit CTRL;Male;016Mus-2;Pass;6.98623;5.11637;7.10984;5.47913;2.64948;2.45821;4.48442;0.9889;6.08561;5.58115;6.57637;3.83589;4.86897;4.70669;2.6947;4.03773;1.82515;9.53888;2.53941;6.35209;5.34914;5.63388;4.86297;7.02317;3.04099;6.33997;3.32932;3.98318;1.90992;-0.35451;3.89313;0.92922;1.1557;2.38063;6.99535;3.0217;3.19539;11.3298;3.56216;4.39838;5.34418;4.35456;5.00586;3.69846;4.74359;3.95243;4.53653;3.34738;5.03544;3.16987;3.36104;9.57113;6.45115;8.28647;6.22632;4.53816;0.1332;1.07751;4.05812;4.20026;5.48429;0.949;6.89643;7.41193;-0.64588;3.84606;1.75697;8.33081;3.07754;4.68056;3.57038;11.33885;5.5356;4.08268;8.88121;-1.38594;3.80073;3.18776;3.73247;6.22112;1.3786;0.147;6.35709;2.58633;5.56379;10.33678;-0.0392;6.61999;5.23011;3.65447;2.44422;-0.88827
S.158;Hgf/Cdk4;Serum;Long monit CTRL;Male;016Mus-2;Pass;7.24425;4.94254;7.06749;3.48386;1.60044;3.30188;4.48385;1.2621;5.80668;5.02163;6.64798;2.13989;5.03407;5.44207;2.42032;2.49504;2.54965;9.01434;2.4638;7.08501;4.47399;5.62225;6.15771;6.94526;1.99773;6.65517;4.81444;4.4843;2.00439;0.0087;4.00094;2.27342;1.26969;1.84055;6.74138;3.72072;4.75718;10.48722;3.73303;5.38709;5.33154;4.42381;4.99396;3.76086;4.90401;4.39699;4.40016;3.12165;5.8469;3.18048;3.48062;9.47902;5.62082;9.75983;6.22675;5.0454;0.00159;1.43928;4.39786;4.36251;5.80714;0.63003;5.84921;7.34484;0.04573;2.88457;1.58297;7.89576;3.64545;4.95234;3.64009;11.39667;5.29435;4.06149;9.85187;0.17592;3.69636;3.80186;3.6407;6.23188;1.96441;-0.75023;6.79926;2.16216;5.55815;8.44998;0.98371;6.85488;5.56038;3.6387;3.05018;-0.61372
S.159;Hgf/Cdk4;Serum;Long monit CTRL;Male;016Mus-2;Pass;7.03591;5.67343;6.96437;5.56863;2.15443;2.9854;5.35444;1.45548;5.97027;4.9589;6.87464;3.48213;4.83163;6.00797;2.12496;3.13283;2.51553;9.19857;2.53106;7.9563;3.71666;5.59009;6.21738;6.79686;3.02921;6.41513;4.25977;4.36113;1.80769;-0.22707;3.9735;2.92383;1.23534;2.01498;6.75855;3.1449;4.47359;10.75176;4.16826;5.10702;5.4148;4.5745;4.84803;3.73928;4.65244;4.71822;3.29151;3.14104;5.45613;3.02371;3.80565;9.30931;6.19337;9.52147;6.40255;4.79961;-0.03585;1.44412;4.11285;4.57674;5.82608;0.80152;6.47881;6.90917;0.27386;4.59023;2.35626;7.71742;4.02894;4.90408;3.69746;11.29246;5.23849;4.04935;9.59564;-0.68873;3.76127;4.08442;3.92675;6.13757;1.67715;0.24642;6.68556;2.58055;5.52776;9.43067;1.23906;6.64936;5.14069;3.65445;3.04718;-1.01882
S.160;Hgf/Cdk4;Serum;Long monit CTRL;Female;016Mus-2;Pass;6.97702;5.44913;7.16718;4.64446;2.06844;2.45603;4.98033;1.06349;5.67201;4.87586;6.3609;2.13903;4.15988;5.25437;2.27148;2.92067;1.99486;8.81108;2.69027;6.77025;1.63107;5.5497;4.87263;7.06093;3.03324;6.31793;3.26936;4.03316;1.80896;-0.55203;3.98827;1.3718;1.37717;2.17519;6.79636;3.18805;3.67326;10.26774;3.44531;2.76146;5.01815;4.7035;4.0988;3.49305;4.11592;4.21364;4.0132;2.97139;4.58383;3.04561;3.25929;9.19005;6.06789;7.31133;6.45971;4.55186;-0.1022;1.21691;4.53713;4.39184;5.64316;0.80031;6.66048;6.06336;-0.82062;4.10119;1.52814;6.92935;3.44059;5.18634;3.96759;11.2068;5.40633;3.87951;8.969;-0.08794;4.45601;3.78714;3.94553;6.10131;1.46138;1.86792;6.78966;2.60243;5.49586;8.64537;0.07082;7.06647;4.73892;3.9568;2.57371;-0.35592
S.175;Hgf/Cdk4;Serum;Long monit CTRL;Male;016Mus-2;Pass;7.23181;5.72955;7.1594;5.36283;2.11249;2.20446;5.37813;1.02783;6.11424;4.32241;6.50831;2.76385;3.95274;5.09164;2.37759;3.76021;1.81565;8.92269;2.70911;6.80783;5.241;5.38634;4.37445;7.28802;3.10674;6.42277;3.23279;3.94344;1.56584;-0.21517;4.22486;1.00862;1.21247;2.2722;6.43889;3.23733;3.39111;10.93558;4.05692;3.50987;5.24883;4.55193;4.2006;3.4661;4.30314;3.71682;4.03317;2.58111;4.41004;2.96351;3.25273;9.45487;5.83482;8.1168;6.53945;4.58027;-0.12866;0.63483;4.19482;4.0867;5.56699;0.41889;6.80152;6.28687;-0.8024;4.63993;1.40648;7.04077;3.218;4.88415;4.36759;10.92826;5.69341;3.88656;9.86941;-0.54545;4.53823;4.04479;2.9703;6.00137;1.57143;0.31142;6.31394;5.7857;5.33213;9.82109;-0.09546;6.86435;4.92703;3.53424;2.3625;-1.03183
