Assay,PT2-PT1,PR2-PR1,PT2-PR2,PT1-PR1
ABHD14B,-0.07110105915060266,-0.47349840883076105,0.5461297201324397,0.1437323704522811
ACVRL1,0.01772134667151157,0.10677565453979754,0.11245305404284617,0.20150736191113183
ADAM22,-0.03848032571851231,0.15465786189494074,-0.11804301775328689,0.07509516986016623
ADAM8,0.0029200592248295456,0.05648845763393614,0.01947449439991461,0.07304289280902103
ADGRB3,0.0034978947639120904,0.06320656448450229,-0.019672147982446812,0.04003652173814321
AFP,-0.05219201559105883,-0.017204641683761738,0.16052431889324806,0.19551169280054537
AGR2,-0.06211541890248916,0.11227194753055292,0.00011680961559727097,0.17450417604863938
AHSP,0.14591964539350616,-1.1350277095154062,-0.4146846588029333,-1.6956320137118457
AKT1S1,0.23258472837284141,-0.5753532810423885,0.12190317128138688,-0.6860348381338432
ALDH1A1,0.09216293750190183,-0.4202941711173601,0.016046013781309484,-0.49641109483795265
AMFR,-0.27191473433478647,0.908138005067074,0.022921556602850536,1.202974296004711
ANXA10,0.10487353694485993,-0.34380333272319563,-0.10137542979185071,-0.5500522994599061
ANXA3,0.17802233163818373,-0.008402095516972392,0.6627994579435721,0.4763750307884159
ANXA5,-0.15673690725420555,0.03825887945230211,-0.10622440570437523,0.08877138100213226
APOH,-0.056649757268879976,-0.07650009334032688,0.06702640442279702,0.047176068351350124
APP,-0.03464984342427912,0.856951182838233,-0.718611898391489,0.1729891278710233
APRT,0.33439443533259,-0.5723913917564784,1.2909214518904326,0.3841356248013642
ARID4B,0.3287064689634964,0.12510741328356623,0.16092435973526234,-0.04267469594466797
ARSA,-0.12710041419822282,0.1260131059876611,-0.15424898708326912,0.0988645331026149
ASAH2,-0.1722162521247005,-0.13429105235042343,-0.05418115178639848,-0.01625595201212164
ASGR1,-0.08574431614568574,-0.009946357563732295,0.2464719129413105,0.3222698715232639
ATF2,0.18075647055137442,-0.08924117868276653,0.3272572664720094,0.05725961723786832
ATP5PO,-0.1335516546623846,-0.15090025748935984,-0.14059215658370858,-0.15794075941068392
ATP6V1F,0.19981287097776704,-0.054720344043031534,0.062463668077229514,-0.19206954694356917
ATXN10,-0.2839622361890485,0.2963815877409828,-0.08683069871907331,0.49351312521095797
B4GAT1,-0.03656317394609013,-0.09796867127560704,0.13692234833873693,0.07551685100921986
BAG3,-0.08576258221182527,-0.1621934628419026,0.03761068158174657,-0.03882019904833046
BAX,0.4606320137526794,-0.21447871376844216,0.3289724566869435,-0.3461382708341781
BCAM,0.04930673292556421,-0.035469379880823396,0.1289799550982254,0.04420384229183796
BCAN,-0.25495066194930055,-0.07851934543751134,-0.40424938834280616,-0.22781807183101696
BIN2,0.3698801759260997,-0.3988926669479333,1.5033797153565338,0.7346068724825007
BLVRB,-0.004332051749925374,-0.5108499745413421,-0.22002615170261738,-0.7265440744940341
BMP4,-0.011582323845911749,-0.04927394995303824,-0.03967671488635737,-0.07736834099348386
BRK1,0.5865338897888449,0.14379181172631325,0.04164545338759134,-0.40109662467494
BST1,-0.01450727003995527,-0.09740333131225057,0.05854438881714953,-0.024351672455145783
BST2,0.04574752819581273,-0.04110170051312916,0.1313407329787121,0.04449150426977004
C19orf12,-0.09559351235551189,-0.3656623906877166,0.06410393032113301,-0.20596494801107157
C2CD2L,0.45111021235050025,0.33108806724325085,0.31275363630915226,0.1927314912019026
CA2,0.16516857359242457,-1.255363893886366,0.05241842755095175,-1.368114039927839
CA6,0.4987810847551139,0.46959911331171655,0.10569609525806534,0.07651412381466784
CALB2,0.041839239074263776,-0.03833333901414727,0.27765275246008486,0.19748017437167384
CALCA,-0.12103295384282628,0.08006723925574215,0.6170692263003583,0.818169419398927
CARHSP1,0.23275930921502927,-0.773992499793783,0.04723019054779959,-0.9595216184610127
CASP1,0.20481991409522196,-0.7919522732808085,0.5350847776387192,-0.46168740973731137
CASP10,0.14668884111208322,0.14017738311223832,0.45676522332554326,0.4502537653256982
CC2D1A,0.46400818828933493,-0.49550600212987533,1.414317934355805,0.4548037439365949
CCL19,-0.030530993267885033,-0.1635324022802588,0.21868393972484387,0.0856825307124701
CCL2,0.04401442154386109,0.08020402798920379,-0.23066299590666622,-0.1944733894613236
CCN5,0.07395013488376884,-0.03681687759172364,0.10385806228761175,-0.006908950187880863
CCS,0.08817487272309447,-0.5281254201973601,0.37993325595719085,-0.23636703696326375
CD109,-0.06869200273567803,-0.08030310799271168,0.05943340419705152,0.047822298940018
CD164,-0.22270581340586948,-0.023467017475839548,0.12667531795821235,0.3259141138882422
CD177,0.010347386973005716,-0.012064861564215485,0.06913587763712054,0.04672362909989924
CD274,-0.03402297640289068,0.010818088753781778,0.20623799305429036,0.25107905821096305
CD300C,0.011989738976842397,-0.04004037668618576,0.07813296018460117,0.02610284452157317
CD300LG,-0.03522975582814282,-0.10274151556349342,0.07305582088945252,0.005544061154101804
CD34,-0.04559296831202054,-0.11521254802250008,0.011668673231429751,-0.05795090647904998
CD63,0.027807761640245853,0.26953202466032755,0.1751486712772621,0.41687293429734373
CD74,-0.17116076448340256,-0.17996096144842905,0.1426122384742594,0.13381204150923287
CD8A,0.07743871629910717,0.002765666269637062,0.3354589657536117,0.26078591572414156
CD99,0.018823619782820766,-0.07117934726847945,0.15212989935568946,0.062126932304389273
CD99L2,-0.01951030354862483,-0.13351539865789405,0.13291497838055386,0.018909883271284598
CDCP1,-0.02861081827901634,0.06360340526469384,-0.0301307140327499,0.062083509510960144
CDH15,0.018450709916673098,-0.02927466059480937,-0.015881882416150857,-0.06360725292763339
CDH3,0.0100263755642381,0.023784026060306083,-0.035574685301539996,-0.021817034805471845
CDHR1,-0.2115769381513034,-0.10939512648525963,-0.15197434574075006,-0.04979253407470608
CERT,0.3932621480054276,0.008122986081645314,0.3397808598145056,-0.045358302109276646
CETN2,0.42139426567101257,-0.044765765570936686,0.8270364691030604,0.360876437861111
CGA,-0.12473891553015369,-0.2434837663056191,0.33886123623113107,0.22011638545566575
CHGB,-0.19104374867760116,-0.19938779686664176,-0.29522642227948803,-0.3035704704685284
CHMP1A,0.22990256891025304,-0.3970027738848374,1.1043373246815786,0.4774319818864882
CLEC10A,0.0027596913843809423,0.0573426952336578,0.006686808967520432,0.06126981281679721
CLEC11A,-0.014144539499588674,-0.20069719695989735,0.21791990094627267,0.031367243485964036
CLEC14A,0.048855718389668394,-0.12391552171724207,0.12445635948214165,-0.04831488062476875
CLEC1B,0.2871085870874239,0.3175900979454698,0.91754387157247,0.9480253824305158
CLPP,0.337061410631272,0.005690893931663285,0.6982311399164179,0.366860623216809
CLPS,0.056996218057659066,-0.26330203935132945,0.16902091602670102,-0.15127734138228763
CLSPN,0.11226847034919485,-0.1296800315413036,0.06196378064792996,-0.17998472124256873
CLSTN1,-0.21010765439443857,0.052470770748151235,0.03875419052661013,0.30133261566919983
CNTN3,-0.026645844833727336,-0.08111294960377438,0.07060047035080275,0.016133365580755753
CNTN4,0.002144992953979558,-0.06959381484951303,0.1156858783648439,0.0439470705613512
CNTN5,0.003355723356126547,-0.00662724394529471,0.07799073346258266,0.06800776616116139
COPE,-0.064847314254697,0.03980675302629805,-0.12493168418442802,-0.020277616903433056
CPA2,0.3670735175979861,0.13092816465337118,-0.0034198752507991204,-0.23956522819541395
CPM,-0.13045118803109013,-0.1628166686910261,0.10849040767761618,0.0761249270176803
CPPED1,0.1395755249555611,-0.3791889776528491,0.42699835657462787,-0.09176614603378216
CRADD,0.295644285431643,-0.5986468413049463,1.2050738983009837,0.3107827715643946
CRIP2,-0.06125092573183787,-0.03622734758339993,-0.15278906783190008,-0.12776548968346235
CRTAM,-0.03971625644400296,0.08979922941286764,-0.03836137777867414,0.09115410807819621
CSF2RA,0.028620768654981844,0.09386430877209902,0.06444706061974169,0.12969060073685876
CST5,-0.21100123420074043,-0.12971142087010895,-0.20968216282631183,-0.12839234949568043
CTRB1,0.034746620696672,-0.09693116668184089,-0.0427753927786417,-0.17445318015715458
CTSS,0.06286347106815085,-0.025164211653570606,0.22139793531209115,0.1333702525903696
CX3CL1,-0.15795009086891468,0.16774232483225354,-0.10737314107584241,0.21831927462532574
CXCL11,-0.20673857697567435,-0.08721465332439463,0.14186365143012333,0.2613875750814033
CXCL13,0.2985323301341943,0.36706714738889873,0.37373610165513754,0.4422709189098417
CXCL8,-0.030607688546288852,0.3698311905116783,-0.3247791151203637,0.07565976393760328
DARS1,0.20096842304038165,-0.35793777974008345,1.0951302312093143,0.5362240284288492
DBI,0.22742819451493218,-0.2634801908871015,0.8088011253933115,0.31789273999127804
DCTN6,0.1561812914021563,-0.6118159036489874,0.608622461144708,-0.1593747339064358
DDR1,0.007656229238147243,-0.0293752116822468,0.03714674104770654,0.000115300127312492
DKK1,0.011139912151614981,0.7532561409531338,-0.3448750355767954,0.3972411932247233
DKK4,0.010800000182778081,-0.06196771323155269,0.3921186259080676,0.3193509124937369
DNMBP,0.2907373615065372,-0.21575481312304523,1.0033539355006913,0.49686176087110884
DPEP1,-0.01959235573546934,0.013853366724388385,0.1172840391135236,0.15072976157338155
DRAXIN,-0.09740452749887106,-0.16001949561453946,0.03743354994670374,-0.025181418168964794
DSC2,-0.028429048878107877,-0.055269069412014184,0.058726869999329495,0.03188684946542318
DSG2,0.04564273890340033,0.07855995222017717,0.0660226201916253,0.09893983350840224
DUSP3,0.040536503899958734,0.005693404590622877,0.05901328029748004,0.024170180988144135
EBAG9,0.3866577313277688,-0.5325799027216582,1.3265040709714055,0.4072664369219787
ECE1,0.38479104219291227,-0.21119949170639551,0.374112179119907,-0.2218783547794007
EFNA1,-0.07464292542193764,-0.0273370547412831,0.1407342723543883,0.18804014303504302
EFNA4,-0.05040560773757026,0.12155863496941843,-0.04521078058927467,0.12675346211771385
EIF4B,0.14337569998537433,-0.7314928832749112,0.6165310540582303,-0.25833752920205555
ENO1,-0.16540683387524527,-0.32095276264847034,0.9823301959344851,0.82678426716126
ENO2,0.19817170484094299,-0.19854370066455826,0.8236340973307839,0.4269186918252824
EPHA10,-0.29564422122974915,0.07548209984810422,-0.24568056874309424,0.12544575233475908
EPHB6,0.011438430950534548,0.15154596329094472,-0.054880644479025145,0.08522688786138508
EREG,-0.033860737607772085,1.2173644050536991,-1.1093344173544635,0.14189072530700744
EZR,0.005935496863650517,-0.07556122392328914,0.05198479031430013,-0.029511930472639458
F11R,0.28283487526911877,-0.13122787789795784,0.7877189612732667,0.37365620810619005
FABP5,0.14485066244443312,-0.23381731446564288,0.6673676163508272,0.2886996394407513
FCER2,-0.015850783022854458,-0.22699999879373783,0.33450968788496294,0.12336047211407945
FCRL5,-0.16016728847345715,-0.3152388504095455,0.12567591254308944,-0.02939564939299898
FGR,0.004112997271269735,0.21007563919267735,0.03605749765432913,0.24202013957573676
FHIT,0.2643303457566013,-0.003843831358218605,0.778751525893121,0.5105773487783013
FKBP4,0.2918550344013107,-0.09100534045837991,0.07030678377665533,-0.312553591083035
FKBP5,0.3054883028745366,-0.3335672032439132,1.2859974256371296,0.6469419195186797
FKBP7,0.0677934697468844,-0.14688461528547425,0.04581020729093246,-0.16886787774142611
FLRT2,-0.017310737865168367,-0.10724217763166767,0.04761722095327261,-0.04231421881322647
FMNL1,0.2050322523267915,0.14552830817714119,0.22872277822605733,0.16921883407640684
FOLR2,0.04900649703683961,-0.06204587506071789,0.10205797356148819,-0.0089943985360695
FOSB,0.09264112513946443,-0.18729874630301718,-0.07195960789465103,-0.3518994793371326
FRZB,0.01166175234620239,-0.17349689160672227,0.47750517125561187,0.2923465273026873
FUT3_FUT5,-0.09944228951322762,-0.0421968099236192,0.019166134671337848,0.07641161426094609
FUT8,-0.17337808627571627,0.2785477515263441,-0.282458634011402,0.16946720379065838
FYB1,0.3196674167196736,-0.4401647452763478,1.2696033297689822,0.5097711677729606
GBP4,0.1214184728227206,0.1692641684713437,0.10550996343305444,0.1533556590816773
GDNF,-0.09110514139416441,0.08158494982187817,-0.12149934730467084,0.05119074391137148
GFRA3,0.07172657701483773,0.12759664844233815,-0.037323088573641736,0.01854698285385831
GGA1,-0.01810721832483293,0.19650322090064917,0.07706695771271423,0.2916773969381962
GGT1,-0.15650515784699856,-0.10459275986239702,0.04842209820689844,0.10033449619149995
GGT5,0.037871323276765394,0.011038032423162038,0.14921737154787298,0.12238408069426933
GHRHR,0.046496722353778025,-0.03944635304129258,0.13148779809155017,0.045544722696479606
GKN1,-0.016439209367874894,-0.09331003611806553,0.11231764509924372,0.035446818349053354
GLB1,-0.016856930415399807,0.2831837043612066,-0.3104411649752025,-0.010400530198596124
GLT8D2,0.10367791525251759,0.0818842811267855,0.11839047985574384,0.09659684573001194
GNLY,0.018218721236877018,-0.04035713448933364,0.2155929916104704,0.15701713588425972
GOLM2,0.029194735350589137,0.09699521084863127,0.01980314888140802,0.08760362437945027
GP6,0.2172841826643012,0.0600584892919845,0.707757338690457,0.5505316453181403
GPC5,0.026031292104809384,0.015833074896276042,0.05835303632409196,0.04815481911555891
GPKOW,0.30992690089311326,-0.22434861034615147,0.2985479006434582,-0.23572761059580655
GRN,0.003972375045745068,-0.03471492288636701,0.11650373735470622,0.07781643942259439
GSTP1,0.23977418629981348,0.01716402487200449,0.35455512466167194,0.13194496323386307
GUCA2A,0.0753652746557079,-0.028725014326786494,0.04352830923332688,-0.060561979749167265
HARS1,0.31302888082692965,-0.37734931984894604,1.260268135009108,0.5698899343332324
HAVCR2,0.07959041701437317,0.016882628354872458,3.229965926073402e-05,-0.0626754890002403
HMOX2,0.18242547671686507,-0.1553553947299532,0.3598738377966277,0.022092966349809326
HNMT,0.1702866822363935,0.009573950710579902,0.0151614364122886,-0.145551295113525
HSP90B1,-0.12911413110014028,0.019121121622026574,-0.0723761318399167,0.0758591208822502
IDI2,-0.00887691254686418,0.023757020199265132,-0.011935324323989796,0.02069860842213932
IFNGR2,-0.09260984689898216,-0.07755296986389257,-0.08286995744385664,-0.06781308040876695
IFNL1,0.0669385547787817,0.47407677904546075,-0.35150267531621504,0.05563554895046375
IGF2R,-0.06153764612996463,-0.04619422272046555,-0.011788114185685263,0.00355530922381402
IGFBP4,0.10615329097231108,-0.026625772743097166,0.1782193102163159,0.045440246500907604
IL17RA,-0.017805420809057365,-0.10793909789663818,0.13916236601907728,0.04902868893149633
IL18RAP,-0.07079997036447339,-0.25640906217964227,0.10194956437514698,-0.08365952744002168
IL1R1,-0.013441261015131926,-0.09258978437702226,0.13374931356424524,0.054600790202354775
IL1RAP,-0.055380474523380824,-0.1296653457614766,0.10810180171969186,0.03381693048159588
IL34,-0.008192031238589708,-0.13674698718340983,0.2354428992825449,0.1068879433377249
IL6,-0.7785192309571941,-0.5177229001749969,0.48939882218592556,0.7501951529681228
IL7R,-0.0003184274720169129,-0.17639356192947336,0.1081482959328729,-0.06792683852458348
ILKAP,0.024874182762828427,0.1515190168141939,0.06262382682091569,0.18926866087228134
IMPA1,0.23492025879571488,-0.22658174032344663,0.7528952548843616,0.29139325576520003
ING1,0.48009510242370784,-0.06133958619820051,0.33227453564780973,-0.20916015297409876
INHBC,0.08028190357923815,0.059109203796305104,0.05944001043065031,0.0382673106477173
IPCEF1,-0.09516235263021532,-0.08834118567244281,0.26497226093989223,0.2717934278976646
ISLR2,-0.0683478482349132,-0.27856152927256667,0.08732414222903302,-0.12288953880862033
ITGA5,-0.019461996535078498,-0.19942762620916932,0.20940407814085182,0.02943844846676077
ITGAM,-0.012204074192814137,-0.020388225141162945,0.05814522840349426,0.04996107745514559
IVD,0.17939833546963996,0.1079618643698997,-0.09762407911789583,-0.169060550217636
JAM2,0.013165795008581019,0.10776176349051972,-0.03853904836365148,0.0560569201182874
KCNIP4,-0.019573125157050165,0.05374759323071702,-0.010235786339929177,0.06308493204783826
KEL,0.18597346292181746,-0.13905757073160296,0.34655019840792883,0.021519164754508557
KIRREL2,0.1861620441523479,0.09580547025087682,0.1888945505306512,0.09853797662917985
KLB,0.0069258139215956395,-0.3714928145262498,0.3426850780218735,-0.035733550425971865
KRT14,-0.03388355999374909,-0.1738584726874485,0.17297699184987414,0.03300207915617494
KRT5,-0.05277606947059281,-0.010150068850510185,0.14678664859241938,0.1894126492125019
LAIR2,0.011556200879615293,-0.09776781847900727,0.532438433046879,0.42311441368825636
LAMP2,-0.014862690597578273,-0.01923180799534966,0.034918008197060355,0.030548890799289043
LAYN,0.02648830391473245,0.06554781754296476,-0.07872724399885427,-0.039667730370622205
LBR,0.25193653842716107,-0.11633883346588664,0.7644943717147294,0.3962189998216818
LGALS8,0.2759548529038679,-0.038716711756719646,0.7703433780383299,0.4556718133777422
LIF,-0.0830887440098241,-0.32077636629367995,0.02904347775063566,-0.20864414453322017
LILRA2,-0.013110389532772292,-0.11274212753604582,0.13498454521919834,0.03535280721592474
LPO,0.04384772929817732,0.001959893124546709,-0.034200736782500775,-0.07608857295613132
LRPAP1,-0.04085815033853217,-0.0728713701133555,0.16597778100305555,0.13396456122823241
LXN,0.07188092751251367,-0.042559829155587856,-0.014063688968768053,-0.12850444563686958
LY96,-0.030113296852253967,-0.1518136561503158,0.11543365973764493,-0.006266699560416981
LYPD1,0.09366908498319712,-0.19532184589467255,0.11558227654833711,-0.17340865432953265
MAD1L1,0.09573807076545661,-0.3207831293874767,0.2518233488052244,-0.16469785134770873
MAP4K5,0.36352704421298565,-0.3642592336451442,1.1373666413122236,0.40958036345409377
MAPT,-0.6719369325974401,-0.11856853499319729,-0.391242002339876,0.1621263952643668
MASP1,-0.023747751918706077,-0.08295444927122571,0.06842476080568094,0.009218063453161432
MATN3,-0.023491878545504514,-0.019818074425708203,0.23143979728139144,0.23511360140118762
MAX,0.3090886681525829,-0.29409548624138554,0.9079115958071257,0.30472744141315755
MDGA1,-0.04532980270590653,0.09115223146108768,-0.1489808963959952,-0.012498862229001075
MESD,0.3317795510882127,-0.31420186584275406,1.2592472539465651,0.6132658370155982
METAP1,0.25785838707386716,-0.1141636719214091,0.36755397222055247,-0.004468086774723948
MFGE8,0.21924625690530486,0.06023724562749741,0.10963847740889328,-0.04937053386891415
MIF,0.42576659720083787,-0.5232407478400101,1.2579997685144497,0.30899242347360195
MITD1,0.29617483986153126,-0.15302923956370107,1.186155924617316,0.7369518451920835
MMP13,0.07900518437642527,-0.20606201760943724,0.16509382129817496,-0.11997338068768781
MMP3,0.11973033763258985,0.10720678658006293,-0.3350719981342979,-0.3475955491868247
MMP8,-0.05657341842593683,1.4673749682003197,-1.3487705983042007,0.1751777883220558
MMP9,0.07819607355419617,0.8786344114204653,-1.0563196276893128,-0.2558812898230439
MPO,0.028746768268617252,0.5930567709176742,-0.425042660928815,0.139267341720242
MRPL46,0.36164528745646424,-0.12985804429097347,0.41935744564504773,-0.07214588610238995
MSR1,-0.06615927068968137,-0.09746340117467645,0.08992451804200986,0.05862038755701491
MUC13,-0.006447116802961639,0.3533189964433557,0.14169019599110266,0.5014563092374197
MYOC,0.11248408711647458,-0.04864774482750575,-0.6664875144245362,-0.8276193463685168
NAAA,-0.18679251477379075,-0.14121191345863648,0.049019600926930904,0.09460020224208524
NCAM2,-0.06622866535521203,-0.016762844006034644,0.04485026476351768,0.09431608611269537
NCAN,-0.09513836393042942,-0.13035137077778766,0.06976555637383675,0.03455254952647832
NDRG1,0.10550794063682702,0.11655172574723403,-0.13016000615560339,-0.11911622104519627
NEFL,0.2253780402840087,0.83128830319613,-0.7553345539429774,-0.14942429103085617
NGF,0.06915546514976299,0.06186934746370038,0.05950822020872356,0.05222210252266116
NID2,0.12049569991318441,0.3383602691030609,-0.18538777629160272,0.03247679289827367
NMNAT1,0.019610040597834975,0.05174804090500856,-0.1940019907425585,-0.16186399043538516
NOMO1,-0.04386860271121239,-0.15055338965591256,0.10280594601794821,-0.003878840926751719
NOS1,-0.14109586267824134,-0.49329035876268584,-0.08368896374960287,-0.43588345983404736
NOS3,0.22362386872920162,0.10122943475094891,0.46718121734255186,0.3447867833642992
NPM1,0.17585272311281644,-0.022018324545440383,0.5004932773083582,0.3026222296501015
NPTX1,0.005002629665266834,-0.06030072762158409,0.07025184148914805,0.00494848420229709
NRP2,-0.041791222259021724,-0.07457976067850508,0.22623887795261094,0.19345033953312743
NSFL1C,0.3608666100704786,-0.6076127668457079,0.9473344428127086,-0.02114493410347764
NTRK3,-0.007327481286222427,-0.05736546679439306,0.02993868106582647,-0.020099304442344083
NUDT5,0.16482268790585014,-0.20712578753567104,0.6081284061242406,0.2361799306827192
NXPH1,0.014503150714243958,-0.13570248123954487,-0.08998287826911429,-0.240188510222903
OBP2B,-0.19981486829893963,0.16179370780574143,0.48137051544659604,0.8429790915512771
ODAM,0.0333856708858545,-0.23880650093543387,0.21821897322265474,-0.053973198598633615
OGN,-0.05592270357631163,-0.0879745789084124,0.10208389845589126,0.07003202312379042
OXT,-0.09315812530767915,-0.16533975306103324,0.08643888311666197,0.014257255363307941
PADI4,0.4488330230784411,0.28579216374475186,0.013555269466959188,-0.14948558986673008
PAEP,1.8089102860199817,1.8655848169957676,-0.17152134604511016,-0.11484681506932409
PAK4,0.12443555758781125,-0.041724096269544986,0.11060463945389966,-0.055555014403456685
PAMR1,0.04596835880650691,-0.1872555896688257,0.27927096063346907,0.0460470121581363
PARK7,0.2427002408144937,-0.4931641203627909,0.8011996174170006,0.06533525623971585
PBLD,0.3387942737471336,-0.18723448323859876,0.4135356147182735,-0.11249314226745885
PDCD5,-0.012998225689025306,-0.7462986929126292,0.4185379358348336,-0.3147625313887703
PEBP1,0.15615388089185278,-0.5519674208619165,0.6374591636519666,-0.07066213810180264
PECAM1,0.07042573754126023,-0.15273345563172747,0.35485654971345837,0.1316973565404706
PFDN2,0.7618877702223521,0.24788691674676172,0.40968132446980665,-0.1043195290057837
PHOSPHO1,0.16456273771003915,0.042985718770683946,0.05129052510357969,-0.07028649383577558
PIGR,-0.06841830996689856,-0.138621818094603,0.06365465286796824,-0.0065488552597360375
PIK3IP1,0.1046578565579315,0.004403402766237248,0.046501903725223934,-0.05375255006647046
PILRA,0.019521237869087597,-0.05810703287116013,0.057919152230728015,-0.019709118509519882
PLA2G10,0.05143339362376849,-0.2264945551138857,0.15523139932551575,-0.1226965494121382
PLA2G7,-0.0178712524755309,-0.11952155082818247,0.19319498681820654,0.09154468846555505
PLAU,0.013503885685741793,-0.0901753682151683,0.23941393983105264,0.13573468593014246
PLIN1,0.10736307673632019,0.08922803478470877,0.20795637875689377,0.18982133680528251
PMVK,0.31095677834821,-0.274191726421563,1.3953915315632375,0.8102430267934645
PPCDC,0.1754504322190747,-0.27261962791079275,0.5337130802169141,0.08564302008704666
PPP3R1,0.14568135755123918,-0.21613327310181416,0.540212490595061,0.17839785994200777
PRDX1,0.06359905037489767,-0.34238369302263505,0.48352604670424987,0.07754330330671699
PRL,0.22589547349373731,-0.13792029342496778,2.3499654419532723,1.9861496750345673
PRTFDC1,0.6049283614300822,-0.2555200633826093,1.196966016532341,0.3365175917196494
PSG1,-0.14158201713021992,0.048709994807023343,-0.37817727632564646,-0.18788526438840342
PSME1,0.0035339831351890467,-0.26808397139612705,0.24421127963627573,-0.027406674895040502
PSME2,0.09812513599128081,-0.334719162502057,0.18827217029421883,-0.24457212819911905
PTEN,-0.14667525963028644,-0.004150223780568398,0.01861912938912409,0.1611441652388423
PTK7,0.3086398173638027,0.12988394463020336,0.12732095314726968,-0.051434919586329494
PTPN1,0.18009596345491166,-0.34339727127472613,1.1439528278332598,0.620459593103622
PTPRN2,-0.3473972147553115,-0.08596161150190645,-0.6692832822273689,-0.4078476789739637
PTS,0.1319408774257047,0.17379544443559478,-0.01221555362363725,0.02963901338625308
PVR,-0.023343396691050042,-0.03638762949302002,0.004916377656327702,-0.008127855145642219
PXN,0.0006439359440484888,-0.11699849473430832,-0.1412948987574491,-0.2589373294358058
RAB6B,0.0613656820915968,-0.34371678807699585,0.5836375441471732,0.17855507397858078
RASA1,0.056352997841613246,-0.09926086777681628,0.2028729045607421,0.04725903894231278
RBKS,0.10213058307721729,-0.38921467600423904,0.02872541189438407,-0.4626198471870722
RELT,-0.013086700306186892,0.010110895300124758,0.04374935188919867,0.0669469474955105
RGMA,-0.12262178267887186,-0.09903479007932658,0.008871702400782078,0.0324586950003273
RGMB,-0.01786193442577629,-0.012023373307083822,0.09119723458391411,0.09703579570260656
RHOC,0.5119382971666749,-0.40711820673869803,1.6668023504372822,0.7477458465319092
ROBO2,-0.06704400092707892,-0.028113115992367956,0.041813353458175724,0.0807442383928866
RSPO1,-0.04246785453380467,-0.0307628931995229,0.37808560552250864,0.38979056685679037
RWDD1,0.29329284858657956,-0.39300761873485124,1.0216987535677844,0.3353982862463534
S100A16,0.23164627620270095,-0.027058029339150167,0.18073956979649639,-0.0779647357453548
SCARA5,0.03139086115284975,-0.05769893834461002,0.11739258976704224,0.028302790269582618
SCARB1,0.050086455766063805,-0.06839442299655418,-0.17167964277289693,-0.29016052153551486
SCARB2,-0.013743694872891163,0.10538116170698231,0.0030989119407706456,0.12222376852064397
SCARF2,-0.06500792001867124,0.030802639738531923,0.02227674172212783,0.11808730147933111
SEMA4D,0.04239461307782693,0.16416770483024148,-0.01478876056154017,0.10698433119087414
SERPINB1,0.3917961211771935,0.01580689594113981,0.9480014754731734,0.5720122502371198
SERPINB6,0.20119281959362809,-0.06549009754757935,0.6477742239873256,0.3810913068461184
SERPINB9,0.02465476135797358,-0.2761997581645429,0.5608302964901709,0.25997577696765434
SESTD1,0.2991778610139974,-0.18074206817185756,0.8257214300273381,0.34580150084148314
SETMAR,0.02968028420562015,-0.11165902854306768,0.20168303137138013,0.060343718622692416
SFRP1,-0.028771286674926178,0.09830010295761739,0.7748528995820878,0.9019242892146315
SIGLEC15,-0.1570312699771588,-0.04620338156085969,-0.15651916634534235,-0.04569127792904301
SIGLEC5,-0.03239523707135078,-0.3277010601813306,0.3577502661079608,0.062444442997981
SIRT5,-0.22728625931205135,0.3324321077194879,-0.27092132430112675,0.28879704273041246
SKAP1,0.12898480571931667,-0.14435106568124864,0.513098958410225,0.23976308700966
SLC16A1,-0.047729295678103606,-0.08659010098127977,0.34142696417648494,0.30256615887330895
SLC27A4,0.13954155539841473,0.14746545572807954,0.4566293702786956,0.46455327060836044
SLC39A14,0.13535838876365494,0.16638803908390715,0.10525203237546019,0.13628168269571234
SLIT2,-0.04913978145633144,-0.3017855730547799,0.5981886124655946,0.3455428208671461
SMARCA2,0.20533687080835936,0.07960411556864795,0.24600071414953567,0.12026795890982432
SMPD1,-0.16258536039024454,-0.11663917464857666,0.05962273227901479,0.10556891802068268
SNCG,-0.02434397547997728,0.042233468925648096,-0.12022909685476509,-0.053651652449139546
SOD2,0.10496629363472319,-0.1239909389024279,0.26401066407201856,0.0350534315348673
SPINK1,-0.03607094569886995,-0.04953300174573188,0.05161988818189294,0.03815783213503124
SPINK5,0.1668390403917076,0.03407048242057842,-0.011864536756728154,-0.14463309472785732
SPINT1,0.07133683056526881,0.09581445269098027,-0.020828249902632618,0.003649372223078647
SPOCK1,-0.03596765258508249,-0.06252652002587758,0.3986605969372968,0.3721017294965016
SSB,0.08627047552362167,-0.036990639838371524,0.2040320023632906,0.08077088700129739
STAMBP,0.30607966831772515,-0.51708313206364,0.9603231000630068,0.13716029968164153
STC1,-0.01087097905314981,0.050895998294092366,-0.07227498975531463,-0.010508012408072602
STC2,0.015429007963440206,-0.08110945399893937,0.04630999726840397,-0.05022846469397576
STIP1,0.2596182877882745,-0.2510102011014302,0.6755874438539412,0.16495895496423651
STK24,0.15870128675062015,-0.38986781268824605,0.6705356573353685,0.12196655789650199
SULT1A1,0.4672455782267902,-0.5372357309674269,1.679891156737033,0.6754098475428157
SUMF2,0.21244530880815515,0.3132902096376846,0.45160461970710314,0.5524495205366328
SUSD2,-0.010741488679405982,0.014575430278452142,0.047037654412892406,0.07235457337075056
TARBP2,0.26427159074380036,-0.12360813246510445,1.1632037009732465,0.7753239777643415
TBC1D17,0.06488819904195299,-0.2524519900758356,0.10087338742512933,-0.2164668016926593
TBCB,0.5097807697752479,-0.46882974138003847,1.6257644790417711,0.6471539678864847
TBCC,0.27788673034112,-0.3982162457507935,1.031978129291852,0.35587515319993857
TCL1A,0.11558152341461617,-0.13419491572155298,0.3874316005559629,0.13765516141979378
TDGF1,0.24538940557366695,-0.18353125945611531,0.3046577671091625,-0.12426289792061967
TDRKH,0.34451113311645964,-0.2046186338577962,0.9827219450097147,0.43359217803545885
TFF1,0.17763466152943652,-0.062252300779877694,0.29916862365646973,0.05928166134715559
THBS2,0.1446664063043001,0.09227909933254375,-0.005125083671075575,-0.05751239064283178
THY1,-0.025810641826102054,0.05770713032561762,-0.10010228110363646,-0.016584508951916682
TIGAR,0.32654049753981307,0.010164537441647956,0.2472817802227699,-0.06909417987539511
TIMP4,0.13203164998176292,0.13372752589676395,0.4575254280982302,0.45922130401323147
TMPRSS5,-0.08014877140313001,0.05161253208129691,-0.10694102400664908,0.024820279477777773
TMSB10,0.15217218355546494,-0.0898724839031669,0.11089850567239774,-0.13114616178623423
TNF,-0.15457640382118304,-0.16112400318180747,0.04264048002223064,0.03609288066160606
TNFRSF10A,-0.023992394007287827,0.04892671035599249,0.08262756292388766,0.1555466672871679
TNFRSF10B,-0.08212343372258052,0.06557166335376499,0.007392372059058891,0.15508746913540414
TNFRSF1A,0.033309269582556554,0.04240849842560345,0.022611325409372617,0.03171055425241964
TNFRSF1B,0.09317981870598592,-0.08447370724535537,0.08158676380172285,-0.09606676214961869
TNFRSF21,-0.03350656039915263,-0.012177516982017663,0.013960961165030426,0.03529000458216535
TNFRSF6B,0.1295939987583002,0.1540153782265441,-0.09249971306910648,-0.06807833360086256
TNFRSF8,-0.010094503645160673,-0.04448236408716877,0.06015532028894407,0.025767459846936104
TNFRSF9,-0.0669980481721076,-0.01399008646219381,0.0055327709724503115,0.05854073268236433
TNFSF14,0.18088258813925714,1.2668517990592332,-1.04338706325498,0.04258214766499581
TNR,0.0818952290371374,0.00924792894752847,0.21106402526183393,0.13841672517222503
TNXB,-0.010715063983934323,-0.04206040210464821,0.06691323124669342,0.035567893125979584
TPPP3,-0.06867522799417167,0.183877873589254,-0.07101706588794142,0.1815360356954844
TREML2,0.08028300371007713,0.03276525158196597,0.17695984871576864,0.12944209658765765
TST,0.18369435266588569,-0.33519574935636715,0.5462180734659311,0.027327971443678007
TXLNA,0.24095044915496627,-0.4811292394954111,0.8413292330354349,0.11924954438505746
TXNDC5,0.12835749954521566,-0.19498560412717272,0.48379451647819366,0.16045141280580538
TXNRD1,0.04837762860833736,-0.2615746941971209,0.40817717018194655,0.09822484737648803
ULBP2,-0.08031752131861684,0.12308007039748019,-0.06583859379128577,0.13755899792481127
VCAN,-0.004117141292157923,-0.04164932773235798,0.2715541206476103,0.2340219342074103
VSIG4,0.21966096468237054,0.07524551210684084,0.11137718220445643,-0.033038270371073354
VSTM1,0.01921239586428216,0.20612975118215807,-0.057832737169421694,0.12908461814845412
VTA1,0.27200690722497833,-0.4435002758904682,0.887746462615072,0.1722392794996253
VWC2,0.03208585695483982,0.16977137148752933,-0.07912500333266002,0.0585605112000295
WARS,-0.010703414900032753,-0.18970418588279536,0.20802484605059907,0.0290240750678364
WASF3,0.06143889395232595,0.0037911357616012063,-0.09861789466646377,-0.1562656528571888
WFIKKN1,-0.034414994333897164,0.11243941863058145,-0.04373572984005291,0.10311868312442582
WWP2,0.13663494088742473,-0.2755349209045378,0.4912952839642011,0.0791254221722386
XRCC4,0.17420301465586974,0.19356573447485984,0.21053359708288993,0.22989631690188037
