comparison	panel	assay_id	n_loo	n_sign_match	sign_match_rate	baseline_q	retained_q_lt_05	n_retained_q_lt_05	n_retained_q_lt_10
late-early	In	OID_gisby_00288	23	23	1	0.7754586473398486	false	0	0
late-early	In	OID_gisby_00302	23	23	1	0.16829161531270964	false	0	0
late-early	IR	OID_gisby_00416	23	23	1	0.3952352066522736	false	0	0
late-early	CVD2	OID_gisby_00156	23	22	0.9565217391304348	0.8416302304938663	false	0	0
late-early	IR	OID_gisby_00413	23	23	1	0.0022168573477341644	true	23	23
late-early	CM	OID_gisby_00066	23	23	1	0.2988308317430023	false	0	0
late-early	CM	OID_gisby_00085	23	23	1	0.6317684750804716	false	0	0
late-early	CM	OID_gisby_00074	23	23	1	0.7502662499574974	false	0	0
late-early	IR	OID_gisby_00395	23	23	1	0.803847677960278	false	0	0
late-early	IR	OID_gisby_00370	23	11	0.4782608695652174	0.9907625856886146	false	0	0
late-early	CVD3	OID_gisby_00203	23	23	1	0.41775164148771615	false	0	0
late-early	In	OID_gisby_00322	23	23	1	0.3946908978633722	false	0	1
late-early	CVD3	OID_gisby_00187	23	23	1	0.014728620378845684	true	23	23
late-early	CVD3	OID_gisby_00208	23	23	1	0.7174677202112562	false	0	0
late-early	CVD2	OID_gisby_00105	23	23	1	0.03948811382529287	true	10	23
late-early	CVD3	OID_gisby_00253	23	23	1	0.3327586295427966	false	0	0
late-early	CVD2	OID_gisby_00099	23	23	1	0.03208522581299191	true	17	23
late-early	CVD2	OID_gisby_00135	23	23	1	0.26488297024760116	false	0	0
late-early	IR	OID_gisby_00410	23	23	1	0.24378592202560734	false	0	0
late-early	CVD3	OID_gisby_00192	23	23	1	0.376193805709453	false	0	0
late-early	CM	OID_gisby_00063	23	23	1	0.6663211342231297	false	0	0
late-early	IR	OID_gisby_00388	23	23	1	0.7163803801325854	false	0	0
late-early	CVD3	OID_gisby_00225	23	23	1	0.02020474079503076	true	23	23
late-early	CM	OID_gisby_00038	23	23	1	0.17500537707258024	false	0	1
late-early	IR	OID_gisby_00409	23	23	1	0.12701703943999285	false	0	2
late-early	CVD3	OID_gisby_00231	23	23	1	0.14610557156662535	false	0	2
late-early	IR	OID_gisby_00391	23	23	1	0.1971853604587464	false	0	1
late-early	CM	OID_gisby_00087	23	23	1	0.2956658680800481	false	0	0
late-early	IR	OID_gisby_00374	23	15	0.6521739130434783	0.9340935878342314	false	0	0
late-early	In	OID_gisby_00344	23	18	0.782608695652174	0.921130012456088	false	0	0
late-early	In	OID_gisby_00310	23	23	1	0.02259242698614398	true	23	23
late-early	IR	OID_gisby_00376	23	23	1	0.00015052736745084042	true	23	23
late-early	CVD2	OID_gisby_00145	23	23	1	0.023132086851539	true	23	23
late-early	In	OID_gisby_00301	23	23	1	0.2533510321769354	false	0	1
late-early	IR	OID_gisby_00402	23	23	1	0.0029668128047914914	true	23	23
late-early	CVD2	OID_gisby_00118	23	23	1	0.279850991531511	false	0	0
late-early	IR	OID_gisby_00361	23	23	1	0.02020474079503076	true	23	23
late-early	In	OID_gisby_00317	23	23	1	0.032423472736648654	true	17	23
late-early	IR	OID_gisby_00425	23	23	1	0.005632239904646869	true	23	23
late-early	CVD2	OID_gisby_00090	23	23	1	0.001406634956030583	true	23	23
late-early	CM	OID_gisby_00069	23	23	1	0.12701703943999285	false	1	2
late-early	CVD2	OID_gisby_00114	23	23	1	0.1948784953617261	false	0	0
late-early	CVD2	OID_gisby_00129	23	23	1	0.0006188835561071748	true	23	23
late-early	CVD3	OID_gisby_00219	23	23	1	0.3217167452432243	false	0	0
late-early	CVD2	OID_gisby_00169	23	23	1	0.496139872998914	false	0	0
late-early	CM	OID_gisby_00036	23	23	1	0.6899015597466885	false	0	0
late-early	CM	OID_gisby_00060	23	23	1	0.0006722906907465287	true	23	23
late-early	CM	OID_gisby_00079	23	23	1	0.32525823855912817	false	0	0
late-early	CM	OID_gisby_00082	23	22	0.9565217391304348	0.713279413303075	false	0	0
late-early	CM	OID_gisby_00001	23	22	0.9565217391304348	0.7596752114200945	false	0	0
late-early	CVD3	OID_gisby_00194	23	23	1	0.3510379557376041	false	0	0
late-early	CM	OID_gisby_00011	23	19	0.8260869565217391	0.921130012456088	false	0	0
late-early	CVD2	OID_gisby_00157	23	10	0.43478260869565216	0.9955467593041442	false	0	0
late-early	CVD3	OID_gisby_00247	23	19	0.8260869565217391	0.927270966590299	false	0	0
late-early	CM	OID_gisby_00002	23	23	1	0.16518742355285165	false	0	2
late-early	In	OID_gisby_00295	23	23	1	0.02020474079503076	true	23	23
late-early	In	OID_gisby_00281	23	23	1	0.3946908978633722	false	0	0
late-early	In	OID_gisby_00272	23	23	1	0.19415420623141774	false	0	0
late-early	CVD2	OID_gisby_00110	23	23	1	0.5434261290894192	false	0	0
late-early	CVD3	OID_gisby_00234	23	23	1	0.5550853725733043	false	0	0
late-early	IR	OID_gisby_00387	23	17	0.7391304347826086	0.921130012456088	false	0	0
late-early	CVD2	OID_gisby_00154	23	23	1	0.011630472318876154	true	23	23
late-early	CM	OID_gisby_00046	23	23	1	0.000595918168044074	true	23	23
late-early	In	OID_gisby_00320	23	23	1	0.011084898230502266	true	23	23
late-early	IR	OID_gisby_00349	23	13	0.5652173913043478	0.9726159070836727	false	0	0
late-early	In	OID_gisby_00315	23	23	1	0.3762452565962358	false	0	0
late-early	CVD2	OID_gisby_00098	23	23	1	0.44053978957559037	false	0	0
late-early	IR	OID_gisby_00392	23	23	1	0.4985361200696771	false	0	0
late-early	IR	OID_gisby_00401	23	23	1	0.5868885602920713	false	0	0
late-early	CVD3	OID_gisby_00263	23	23	1	0.0001649917923192818	true	23	23
late-early	In	OID_gisby_00265	23	23	1	0.4985361200696771	false	0	0
late-early	CVD2	OID_gisby_00172	23	23	1	0.563317086152725	false	0	0
late-early	CVD2	OID_gisby_00139	23	23	1	0.044502256681597005	true	6	23
late-early	CVD2	OID_gisby_00113	23	23	1	0.09684483035726352	false	2	7
late-early	CM	OID_gisby_00048	23	16	0.6956521739130435	0.9413585639021963	false	0	0
late-early	CVD3	OID_gisby_00213	23	23	1	0.08410302724142625	false	3	11
late-early	In	OID_gisby_00290	23	23	1	0.6834182981698962	false	0	0
late-early	CM	OID_gisby_00017	23	23	1	0.06838621507980112	false	3	16
late-early	CVD3	OID_gisby_00242	23	23	1	0.4138318899983522	false	0	0
late-early	CVD2	OID_gisby_00119	23	23	1	0.1544609436041253	false	0	3
late-early	In	OID_gisby_00275	23	23	1	0.12417447075981511	false	1	3
late-early	CVD3	OID_gisby_00212	23	23	1	0.2478175659167304	false	0	0
late-early	CVD3	OID_gisby_00191	23	23	1	0.7481201533999919	false	0	0
late-early	In	OID_gisby_00306	23	23	1	0.005632239904646869	true	23	23
late-early	CVD3	OID_gisby_00244	23	23	1	0.010359432145639674	true	23	23
late-early	CM	OID_gisby_00088	23	23	1	0.1186660078645463	false	1	2
late-early	CVD2	OID_gisby_00136	23	23	1	0.08829738698152548	false	2	9
late-early	IR	OID_gisby_00420	23	23	1	0.7481201533999919	false	0	0
late-early	CM	OID_gisby_00003	23	18	0.782608695652174	0.921130012456088	false	0	0
late-early	CVD3	OID_gisby_00224	23	23	1	0.03960065299704953	true	13	23
late-early	In	OID_gisby_00346	23	23	1	0.38012245923530147	false	0	0
late-early	CVD3	OID_gisby_00262	23	15	0.6521739130434783	0.9625611400557665	false	0	0
late-early	CVD2	OID_gisby_00101	23	13	0.5652173913043478	0.9907625856886146	false	0	0
late-early	IR	OID_gisby_00432	23	23	1	0.000005479488395021548	true	23	23
late-early	CM	OID_gisby_00041	23	23	1	0.3908037075207411	false	0	0
late-early	In	OID_gisby_00307	23	23	1	0.038258523554073526	true	12	23
late-early	CVD3	OID_gisby_00221	23	23	1	0.04929362662991494	true	7	23
late-early	In	OID_gisby_00348	23	23	1	0.023178411310766124	true	23	23
late-early	IR	OID_gisby_00371	23	23	1	0.357193620140605	false	0	0
late-early	IR	OID_gisby_00403	23	23	1	0.632838831993782	false	0	0
late-early	CM	OID_gisby_00008	23	23	1	0.37733067124280345	false	0	0
late-early	In	OID_gisby_00331	23	23	1	0.005977081857364171	true	23	23
late-early	CM	OID_gisby_00077	23	23	1	0.014832078504328439	true	23	23
late-early	IR	OID_gisby_00404	23	23	1	0.08410302724142625	false	1	10
late-early	In	OID_gisby_00278	23	15	0.6521739130434783	0.9907625856886146	false	0	0
late-early	IR	OID_gisby_00362	23	13	0.5652173913043478	0.9907625856886146	false	0	0
late-early	CVD2	OID_gisby_00130	23	23	1	0.3946908978633722	false	0	0
late-early	In	OID_gisby_00271	23	23	1	0.17580000949233096	false	0	2
late-early	CM	OID_gisby_00081	23	23	1	0.053664178846400554	false	3	23
late-early	IR	OID_gisby_00393	23	23	1	0.7089113964222453	false	0	0
late-early	CVD3	OID_gisby_00240	23	23	1	0.7502662499574974	false	0	0
late-early	CM	OID_gisby_00033	23	23	1	0.38734139869958173	false	0	0
late-early	CVD3	OID_gisby_00205	23	23	1	0.0016708906429581053	true	23	23
late-early	CVD3	OID_gisby_00243	23	23	1	0.009449269014351	true	23	23
late-early	CVD3	OID_gisby_00199	23	23	1	0.0022168573477341644	true	23	23
late-early	CVD3	OID_gisby_00177	23	23	1	0.001368101195944838	true	23	23
late-early	IR	OID_gisby_00382	23	23	1	0.04438925629374145	true	9	23
late-early	IR	OID_gisby_00390	23	23	1	0.0022168573477341644	true	23	23
late-early	CM	OID_gisby_00006	23	23	1	0.28871390607266395	false	0	1
late-early	CM	OID_gisby_00009	23	23	1	0.008735916447244205	true	23	23
late-early	IR	OID_gisby_00433	23	23	1	0.014728620378845684	true	23	23
late-early	In	OID_gisby_00274	23	23	1	0.3071783777529334	false	0	0
late-early	CVD2	OID_gisby_00144	23	23	1	0.3510379557376041	false	0	0
late-early	In	OID_gisby_00282	23	23	1	0.47618700976199185	false	0	0
late-early	IR	OID_gisby_00419	23	23	1	0.4985361200696771	false	0	0
late-early	CM	OID_gisby_00010	23	23	1	0.00521006414958387	true	23	23
late-early	IR	OID_gisby_00369	23	23	1	0.08410302724142625	false	1	12
late-early	IR	OID_gisby_00431	23	23	1	0.029210435568290574	true	22	23
late-early	In	OID_gisby_00279	23	23	1	0.04505710546604091	true	7	23
late-early	CVD2	OID_gisby_00147	23	23	1	0.018185291866206484	true	23	23
late-early	In	OID_gisby_00300	23	23	1	0.07897988861235947	false	2	13
late-early	CVD3	OID_gisby_00226	23	23	1	0.08410302724142625	false	1	9
late-early	CM	OID_gisby_00084	23	23	1	0.5141609340864173	false	0	0
late-early	CVD2	OID_gisby_00134	23	23	1	0.051890926037714974	false	6	23
late-early	CM	OID_gisby_00045	23	23	1	0.5193919501070028	false	0	0
late-early	CVD2	OID_gisby_00143	23	23	1	0.00004999030907963942	true	23	23
late-early	CVD2	OID_gisby_00102	23	23	1	0.42232652277001614	false	0	0
late-early	CVD3	OID_gisby_00259	23	23	1	0.3930900230694117	false	0	0
late-early	CM	OID_gisby_00018	23	23	1	0.0682835129895388	false	5	15
late-early	IR	OID_gisby_00435	23	23	1	0.0011758832668592636	true	23	23
late-early	IR	OID_gisby_00424	23	23	1	0.5012937040240444	false	0	0
late-early	CVD2	OID_gisby_00091	23	23	1	0.6663211342231297	false	0	0
late-early	CVD2	OID_gisby_00108	23	22	0.9565217391304348	0.7581958654448959	false	0	0
late-early	CVD3	OID_gisby_00198	23	23	1	0.0030238719172136974	true	23	23
late-early	CVD2	OID_gisby_00131	23	20	0.8695652173913043	0.8653602439948043	false	0	0
late-early	CVD3	OID_gisby_00239	23	23	1	0.6317684750804716	false	0	0
late-early	In	OID_gisby_00268	23	23	1	0.5756265718001161	false	0	0
late-early	CVD2	OID_gisby_00138	23	20	0.8695652173913043	0.8814450629752265	false	0	0
late-early	CVD2	OID_gisby_00149	23	19	0.8260869565217391	0.9061570821554654	false	0	0
late-early	In	OID_gisby_00340	23	23	1	0.0609673225637285	false	3	22
late-early	In	OID_gisby_00338	23	23	1	0.0008893896189892749	true	23	23
late-early	CM	OID_gisby_00080	23	23	1	0.45555271635912326	false	0	0
late-early	CVD3	OID_gisby_00246	23	21	0.9130434782608695	0.8328013844438956	false	0	0
late-early	In	OID_gisby_00269	23	23	1	0.14991296841357635	false	0	1
late-early	IR	OID_gisby_00417	23	23	1	0.44053978957559037	false	0	0
late-early	CVD2	OID_gisby_00097	23	23	1	0.04244070329364328	true	12	23
late-early	CVD2	OID_gisby_00095	23	23	1	0.3946908978633722	false	0	0
late-early	CVD3	OID_gisby_00217	23	23	1	0.16662328092032808	false	0	2
late-early	CVD2	OID_gisby_00109	23	23	1	0.28309596236415613	false	0	0
late-early	IR	OID_gisby_00399	23	23	1	0.45555271635912326	false	0	0
late-early	In	OID_gisby_00287	23	22	0.9565217391304348	0.8271436986573518	false	0	0
late-early	CM	OID_gisby_00000	23	23	1	0.021563627484730466	true	23	23
late-early	In	OID_gisby_00284	23	23	1	0.6858009082742542	false	0	0
late-early	IR	OID_gisby_00356	23	23	1	0.029927856175288484	true	22	23
late-early	CVD2	OID_gisby_00162	23	23	1	0.06476860742094644	false	3	18
late-early	IR	OID_gisby_00426	23	23	1	0.0006514754281624994	true	23	23
late-early	CVD2	OID_gisby_00116	23	23	1	0.3833156860458555	false	0	0
late-early	CM	OID_gisby_00072	23	23	1	0.7513214816236223	false	0	0
late-early	CM	OID_gisby_00068	23	23	1	0.08410302724142625	false	1	10
late-early	CVD2	OID_gisby_00175	23	23	1	0.001010734370613195	true	23	23
late-early	In	OID_gisby_00328	23	21	0.9130434782608695	0.8328013844438956	false	0	0
late-early	IR	OID_gisby_00375	23	11	0.4782608695652174	0.9930432772456854	false	0	0
late-early	In	OID_gisby_00326	23	23	1	0.5550853725733043	false	0	0
late-early	CVD3	OID_gisby_00206	23	23	1	0.1985723440098059	false	0	1
late-early	CVD2	OID_gisby_00106	23	17	0.7391304347826086	0.9451355684415984	false	0	0
late-early	In	OID_gisby_00313	23	23	1	0.49331747662977965	false	0	0
late-early	CVD2	OID_gisby_00152	23	18	0.782608695652174	0.926381816573204	false	0	0
late-early	CVD2	OID_gisby_00117	23	18	0.782608695652174	0.9240010435599981	false	0	0
late-early	CVD2	OID_gisby_00111	23	23	1	0.02259242698614398	true	23	23
late-early	IR	OID_gisby_00398	23	23	1	0.010323826340983838	true	23	23
late-early	CM	OID_gisby_00058	23	23	1	0.06838621507980112	false	3	18
late-early	CM	OID_gisby_00065	23	23	1	0.021965050337677726	true	23	23
late-early	In	OID_gisby_00312	23	23	1	0.05284913498001225	false	5	23
late-early	CM	OID_gisby_00015	23	23	1	0.07932907275382502	false	2	12
late-early	CVD2	OID_gisby_00150	23	23	1	0.11299423485328819	false	0	7
late-early	In	OID_gisby_00298	23	23	1	0.2238417970015584	false	0	0
late-early	CVD2	OID_gisby_00142	23	23	1	0.02020474079503076	true	23	23
late-early	CM	OID_gisby_00037	23	23	1	0.3946908978633722	false	0	0
late-early	IR	OID_gisby_00385	23	23	1	0.4509946924201586	false	0	0
late-early	IR	OID_gisby_00360	23	23	1	0.12879011139232094	false	0	5
late-early	IR	OID_gisby_00412	23	23	1	0.46012364993262544	false	0	0
late-early	CM	OID_gisby_00055	23	23	1	0.28871390607266395	false	0	1
late-early	CVD2	OID_gisby_00167	23	23	1	0.03928328106517449	true	10	23
late-early	In	OID_gisby_00293	23	23	1	0.233091933895623	false	0	0
late-early	In	OID_gisby_00264	23	23	1	0.06838621507980112	false	1	17
late-early	CVD3	OID_gisby_00235	23	23	1	0.5012937040240444	false	0	0
late-early	CVD3	OID_gisby_00257	23	23	1	0.538242821600697	false	0	0
late-early	IR	OID_gisby_00406	23	23	1	0.04244070329364328	true	10	23
late-early	CVD3	OID_gisby_00188	23	23	1	0.08371671593448793	false	3	11
late-early	CM	OID_gisby_00070	23	23	1	0.19415420623141774	false	0	0
late-early	CM	OID_gisby_00059	23	23	1	0.36067643779450786	false	0	0
late-early	IR	OID_gisby_00422	23	23	1	0.18020193303948204	false	1	1
late-early	CVD2	OID_gisby_00120	23	23	1	0.38734139869958173	false	0	0
late-early	In	OID_gisby_00283	23	23	1	0.6317684750804716	false	0	0
late-early	IR	OID_gisby_00389	23	23	1	0.008896479567666054	true	23	23
late-early	CM	OID_gisby_00025	23	23	1	0.02020474079503076	true	23	23
late-early	CM	OID_gisby_00005	23	23	1	0.5207479521339907	false	0	0
late-early	In	OID_gisby_00297	23	23	1	0.6747942224532181	false	0	0
late-early	CVD3	OID_gisby_00248	23	23	1	0.3479508915634039	false	0	1
late-early	In	OID_gisby_00332	23	23	1	0.000874116712290711	true	23	23
late-early	CVD3	OID_gisby_00210	23	23	1	0.02020474079503076	true	23	23
late-early	In	OID_gisby_00308	23	23	1	0.14718091568127215	false	1	2
late-early	CVD2	OID_gisby_00141	23	23	1	0.4577726395971881	false	0	0
late-early	CM	OID_gisby_00075	23	23	1	0.7089113964222453	false	0	0
late-early	IR	OID_gisby_00378	23	22	0.9565217391304348	0.7604952772580219	false	0	0
late-early	CVD3	OID_gisby_00258	23	23	1	0.237981899618502	false	0	0
late-early	CVD2	OID_gisby_00123	23	23	1	0.24865921858059334	false	0	0
late-early	IR	OID_gisby_00351	23	23	1	0.014832078504328439	true	23	23
late-early	CVD2	OID_gisby_00132	23	23	1	0.0420604009762215	true	9	23
late-early	CVD2	OID_gisby_00112	23	23	1	0.06838621507980112	false	5	17
late-early	CVD2	OID_gisby_00168	23	23	1	0.621977565875231	false	0	0
late-early	In	OID_gisby_00341	23	23	1	0.00039720398713471994	true	23	23
late-early	In	OID_gisby_00318	23	23	1	0.01084795537889441	true	23	23
late-early	CM	OID_gisby_00067	23	23	1	0.34976146171221206	false	0	0
late-early	CVD2	OID_gisby_00160	23	23	1	0.04070767174163042	true	10	23
late-early	IR	OID_gisby_00367	23	23	1	0.05294177396566231	false	7	23
late-early	CVD3	OID_gisby_00209	23	18	0.782608695652174	0.921130012456088	false	0	0
late-early	In	OID_gisby_00280	23	23	1	0.734538578314049	false	0	0
late-early	CM	OID_gisby_00040	23	23	1	0.00005408863000519207	true	23	23
late-early	CM	OID_gisby_00042	23	23	1	0.8216258098436325	false	0	0
late-early	In	OID_gisby_00345	23	18	0.782608695652174	0.927270966590299	false	0	0
late-early	In	OID_gisby_00337	23	23	1	0.000019854014877220193	true	23	23
late-early	CVD3	OID_gisby_00181	23	23	1	0.18930705593187833	false	0	0
late-early	CVD3	OID_gisby_00182	23	23	1	0.20369504655278986	false	0	1
late-early	In	OID_gisby_00336	23	23	1	0.2619025666639113	false	0	1
late-early	CVD2	OID_gisby_00100	23	17	0.7391304347826086	0.9399771426816345	false	0	0
late-early	CVD3	OID_gisby_00200	23	23	1	0.6698195414803749	false	0	0
late-early	IR	OID_gisby_00384	23	19	0.8260869565217391	0.9050667807842032	false	0	0
late-early	CVD3	OID_gisby_00250	23	23	1	0.38734139869958173	false	0	0
late-early	CVD3	OID_gisby_00218	23	23	1	0.009449269014351	true	23	23
late-early	CVD3	OID_gisby_00245	23	23	1	0.7456915499085232	false	0	0
late-early	IR	OID_gisby_00358	23	23	1	0.00021097888208235612	true	23	23
late-early	CVD3	OID_gisby_00204	23	23	1	0.000005479488395021548	true	23	23
late-early	CVD2	OID_gisby_00093	23	23	1	0.694555852509986	false	0	0
late-early	CVD3	OID_gisby_00260	23	22	0.9565217391304348	0.8175159396463479	false	0	0
late-early	IR	OID_gisby_00354	23	23	1	0.4244218900496419	false	0	0
late-early	CM	OID_gisby_00020	23	23	1	0.2523560225062311	false	0	1
late-early	CM	OID_gisby_00029	23	23	1	0.1734731673955578	false	0	0
late-early	IR	OID_gisby_00366	23	23	1	0.7502662499574974	false	0	0
late-early	CVD3	OID_gisby_00249	23	23	1	0.006419338080399935	true	23	23
late-early	IR	OID_gisby_00373	23	23	1	0.008896479567666054	true	23	23
late-early	CM	OID_gisby_00089	23	23	1	0.00033589938649374317	true	23	23
late-early	IR	OID_gisby_00381	23	23	1	0.002315205614943916	true	23	23
late-early	CM	OID_gisby_00056	23	23	1	0.1035937598450839	false	0	8
late-early	IR	OID_gisby_00357	23	23	1	0.1734731673955578	false	0	1
late-early	IR	OID_gisby_00400	23	23	1	0.3946908978633722	false	0	0
late-early	CVD3	OID_gisby_00193	23	23	1	0.4054955152136511	false	0	0
late-early	CVD3	OID_gisby_00216	23	17	0.7391304347826086	0.9590527701825368	false	0	0
late-early	IR	OID_gisby_00386	23	15	0.6521739130434783	0.9625611400557665	false	0	0
late-early	In	OID_gisby_00335	23	22	0.9565217391304348	0.5524078098894589	false	0	0
late-early	IR	OID_gisby_00363	23	23	1	0.08401984684461906	false	1	12
late-early	CVD3	OID_gisby_00252	23	23	1	0.023178411310766124	true	23	23
late-early	IR	OID_gisby_00421	23	23	1	0.2175555674945948	false	0	0
late-early	IR	OID_gisby_00423	23	17	0.7391304347826086	0.9174615095176174	false	0	0
late-early	CVD3	OID_gisby_00184	23	23	1	0.011096510486188498	true	23	23
late-early	CVD3	OID_gisby_00215	23	23	1	0.07681640722236383	false	2	16
late-early	CM	OID_gisby_00073	23	23	1	0.03264490814265636	true	15	23
late-early	CVD3	OID_gisby_00186	23	23	1	0.1028726878730548	false	1	7
late-early	In	OID_gisby_00311	23	23	1	0.11299423485328819	false	1	6
late-early	CVD3	OID_gisby_00197	23	23	1	0.02020474079503076	true	23	23
late-early	CM	OID_gisby_00021	23	23	1	0.14991296841357635	false	0	1
late-early	In	OID_gisby_00330	23	23	1	0.22392695981978353	false	0	1
late-early	CM	OID_gisby_00028	23	23	1	0.20625102979057988	false	0	1
late-early	In	OID_gisby_00296	23	23	1	0.01541745782745869	true	23	23
late-early	CM	OID_gisby_00004	23	23	1	0.28871390607266395	false	0	0
late-early	CVD2	OID_gisby_00171	23	23	1	0.14991296841357635	false	0	2
late-early	In	OID_gisby_00304	23	23	1	0.15327092626638114	false	0	1
late-early	CVD2	OID_gisby_00158	23	23	1	0.005632239904646869	true	23	23
late-early	CM	OID_gisby_00016	23	23	1	0.3645463379903873	false	0	0
late-early	CM	OID_gisby_00012	23	23	1	0.4649447911176339	false	0	0
late-early	CVD2	OID_gisby_00174	23	23	1	0.7073674152765396	false	0	0
late-early	CM	OID_gisby_00023	23	23	1	0.09684483035726352	false	1	8
late-early	CVD3	OID_gisby_00180	23	23	1	0.18391754038952893	false	1	2
late-early	CM	OID_gisby_00049	23	23	1	0.7163803801325854	false	0	0
late-early	IR	OID_gisby_00429	23	22	0.9565217391304348	0.7717108110470356	false	0	0
late-early	CM	OID_gisby_00047	23	23	1	0.7748308992508146	false	0	0
late-early	In	OID_gisby_00285	23	21	0.9130434782608695	0.8394975816832894	false	0	0
late-early	CVD3	OID_gisby_00237	23	23	1	0.054864362625502316	false	4	23
late-early	CVD2	OID_gisby_00127	23	23	1	0.5434261290894192	false	0	0
late-early	CVD3	OID_gisby_00251	23	23	1	0.8287044085714195	false	0	0
late-early	In	OID_gisby_00347	23	23	1	0.5948912236460955	false	0	0
late-early	CVD2	OID_gisby_00125	23	23	1	0.02020474079503076	true	23	23
late-early	In	OID_gisby_00267	23	23	1	0.016267133871524172	true	23	23
late-early	CVD3	OID_gisby_00241	23	22	0.9565217391304348	0.921130012456088	false	0	0
late-early	IR	OID_gisby_00408	23	23	1	0.09733147769010402	false	1	7
late-early	In	OID_gisby_00286	23	13	0.5652173913043478	0.9859403051754124	false	0	0
late-early	CVD3	OID_gisby_00207	23	23	1	0.18654901188847745	false	0	1
late-early	CM	OID_gisby_00032	23	23	1	0.2238417970015584	false	0	0
late-early	CVD3	OID_gisby_00211	23	22	0.9565217391304348	0.8521345253823279	false	0	0
late-early	CVD2	OID_gisby_00148	23	23	1	0.7748308992508146	false	0	0
late-early	CM	OID_gisby_00027	23	23	1	0.0005711376672695599	true	23	23
late-early	IR	OID_gisby_00428	23	23	1	0.008735916447244205	true	23	23
late-early	CVD2	OID_gisby_00128	23	23	1	0.36067643779450786	false	0	0
late-early	IR	OID_gisby_00405	23	22	0.9565217391304348	0.7748308992508146	false	0	0
late-early	CM	OID_gisby_00051	23	18	0.782608695652174	0.9451355684415984	false	0	0
late-early	CM	OID_gisby_00078	23	23	1	0.1715002548591212	false	1	1
late-early	CVD3	OID_gisby_00214	23	23	1	0.006731379897062869	true	23	23
late-early	CM	OID_gisby_00061	23	23	1	0.05973744909271568	false	6	22
late-early	IR	OID_gisby_00414	23	23	1	0.09684483035726352	false	1	8
late-early	CVD3	OID_gisby_00189	23	23	1	0.18014349938992347	false	1	1
late-early	CVD2	OID_gisby_00122	23	23	1	0.3479508915634039	false	0	0
late-early	CM	OID_gisby_00031	23	23	1	0.08829738698152548	false	1	10
late-early	CM	OID_gisby_00064	23	23	1	0.3762452565962358	false	0	0
late-early	In	OID_gisby_00276	23	23	1	0.16841305841519405	false	0	2
late-early	CM	OID_gisby_00052	23	23	1	0.694555852509986	false	0	0
late-early	IR	OID_gisby_00396	23	23	1	0.0038589569709522975	true	23	23
late-early	CVD2	OID_gisby_00107	23	23	1	0.6133750142833329	false	0	0
late-early	CVD2	OID_gisby_00104	23	23	1	0.3510379557376041	false	0	0
late-early	CVD3	OID_gisby_00223	23	23	1	0.37195862674932934	false	0	1
late-early	CVD2	OID_gisby_00126	23	22	0.9565217391304348	0.8328013844438956	false	0	0
late-early	CM	OID_gisby_00044	23	23	1	0.7089113964222453	false	0	0
late-early	CVD2	OID_gisby_00165	23	23	1	0.3762452565962358	false	0	0
late-early	IR	OID_gisby_00377	23	23	1	0.0006514754281624994	true	23	23
late-early	IR	OID_gisby_00352	23	23	1	0.6858009082742542	false	0	0
late-early	CVD3	OID_gisby_00201	23	23	1	0.19472192253188697	false	0	1
late-early	In	OID_gisby_00266	23	23	1	0.42232652277001614	false	0	0
late-early	In	OID_gisby_00339	23	23	1	0.12843476570028328	false	0	3
late-early	CVD3	OID_gisby_00256	23	23	1	0.6317684750804716	false	0	0
late-early	CM	OID_gisby_00062	23	23	1	0.7821142933678887	false	0	0
late-early	CVD3	OID_gisby_00220	23	23	1	0.44053978957559037	false	0	0
late-early	CVD3	OID_gisby_00254	23	21	0.9130434782608695	0.8960179000322677	false	0	0
late-early	CVD3	OID_gisby_00185	23	23	1	0.000595918168044074	true	23	23
late-early	In	OID_gisby_00343	23	23	1	0.5012937040240444	false	0	0
late-early	IR	OID_gisby_00397	23	23	1	0.08168621858356638	false	2	13
late-early	In	OID_gisby_00321	23	23	1	0.19415420623141774	false	1	1
late-early	IR	OID_gisby_00411	23	23	1	0.5550853725733043	false	0	0
late-early	CVD2	OID_gisby_00176	23	23	1	0.4884235767549296	false	0	0
late-early	CVD2	OID_gisby_00166	23	23	1	0.6515421059488005	false	0	0
late-early	CM	OID_gisby_00024	23	23	1	0.09684483035726352	false	2	5
late-early	IR	OID_gisby_00379	23	23	1	0.0022168573477341644	true	23	23
late-early	IR	OID_gisby_00365	23	23	1	0.18375415771009299	false	0	1
late-early	CVD3	OID_gisby_00230	23	23	1	0.00105579342203083	true	23	23
late-early	CVD2	OID_gisby_00137	23	19	0.8260869565217391	0.921130012456088	false	0	0
late-early	IR	OID_gisby_00372	23	23	1	0.5524078098894589	false	0	0
late-early	CVD3	OID_gisby_00179	23	23	1	0.12789066820679884	false	0	4
late-early	IR	OID_gisby_00359	23	23	1	0.7113406100431797	false	0	0
late-early	In	OID_gisby_00324	23	23	1	0.03877434971191551	true	14	23
late-early	CVD2	OID_gisby_00146	23	23	1	0.3762452565962358	false	0	0
late-early	CVD3	OID_gisby_00238	23	23	1	0.0736009886672682	false	2	17
late-early	CM	OID_gisby_00057	23	23	1	0.24878665758071333	false	0	0
late-early	CM	OID_gisby_00071	23	23	1	0.6317684750804716	false	0	0
late-early	CVD2	OID_gisby_00153	23	23	1	0.016760649596757767	true	23	23
late-early	CVD3	OID_gisby_00255	23	22	0.9565217391304348	0.8394975816832894	false	0	0
late-early	In	OID_gisby_00305	23	23	1	0.06838621507980112	false	2	15
late-early	In	OID_gisby_00291	23	23	1	0.029927856175288484	true	21	23
late-early	CM	OID_gisby_00007	23	23	1	0.032423472736648654	true	17	23
late-early	IR	OID_gisby_00415	23	23	1	0.14610557156662535	false	0	2
late-early	CVD2	OID_gisby_00151	23	23	1	0.1948784953617261	false	0	0
late-early	CVD2	OID_gisby_00173	23	19	0.8260869565217391	0.921130012456088	false	0	0
late-early	CVD3	OID_gisby_00222	23	23	1	0.03635176459767628	true	15	23
late-early	CM	OID_gisby_00053	23	23	1	0.3893742365979076	false	0	0
late-early	CM	OID_gisby_00022	23	23	1	0.018185291866206484	true	23	23
late-early	CVD3	OID_gisby_00183	23	23	1	0.15327092626638114	false	0	1
late-early	CVD2	OID_gisby_00124	23	23	1	0.496139872998914	false	0	0
late-early	IR	OID_gisby_00407	23	23	1	0.027459415786978126	true	23	23
late-early	In	OID_gisby_00323	23	23	1	0.000005479488395021548	true	23	23
late-early	CM	OID_gisby_00083	23	23	1	0.0008893896189892749	true	23	23
late-early	IR	OID_gisby_00355	23	23	1	0.03133980875109058	true	21	23
late-early	CVD2	OID_gisby_00121	23	23	1	0.09684483035726352	false	1	7
late-early	IR	OID_gisby_00430	23	23	1	0.11357073762965184	false	0	5
late-early	CVD2	OID_gisby_00115	23	23	1	0.15096109929379084	false	0	2
late-early	In	OID_gisby_00325	23	23	1	0.3952352066522736	false	0	0
late-early	IR	OID_gisby_00353	23	23	1	0.6457031044941812	false	0	0
late-early	CM	OID_gisby_00026	23	23	1	0.6663211342231297	false	0	0
late-early	CVD3	OID_gisby_00190	23	23	1	0.000011723523109482178	true	23	23
late-early	In	OID_gisby_00303	23	23	1	0.012671325130164973	true	23	23
late-early	CVD2	OID_gisby_00164	23	23	1	0.02259242698614398	true	23	23
late-early	IR	OID_gisby_00434	23	23	1	0.014728620378845684	true	23	23
late-early	CM	OID_gisby_00034	23	23	1	0.15993056771155342	false	0	2
late-early	In	OID_gisby_00316	23	23	1	0.7163803801325854	false	0	0
late-early	CVD3	OID_gisby_00195	23	23	1	0.015252060220219493	true	23	23
late-early	IR	OID_gisby_00394	23	20	0.8695652173913043	0.8814450629752265	false	0	0
late-early	CM	OID_gisby_00076	23	23	1	0.7234623120947435	false	0	0
late-early	IR	OID_gisby_00364	23	23	1	0.0006188835561071748	true	23	23
late-early	CVD2	OID_gisby_00155	23	23	1	0.07932907275382502	false	1	13
late-early	CVD2	OID_gisby_00092	23	22	0.9565217391304348	0.7073674152765396	false	0	0
late-early	CVD3	OID_gisby_00233	23	23	1	0.7089113964222453	false	0	0
late-early	CVD2	OID_gisby_00133	23	23	1	0.5237278333115923	false	0	0
late-early	CVD3	OID_gisby_00236	23	22	0.9565217391304348	0.8020621222987028	false	0	0
late-early	IR	OID_gisby_00380	23	21	0.9130434782608695	0.8058724911343895	false	0	0
late-early	CVD2	OID_gisby_00096	23	23	1	0.000011723523109482178	true	23	23
late-early	CM	OID_gisby_00050	23	23	1	0.02020474079503076	true	23	23
late-early	In	OID_gisby_00309	23	21	0.9130434782608695	0.8102086119859616	false	0	0
late-early	In	OID_gisby_00289	23	20	0.8695652173913043	0.8488938067757165	false	0	0
late-early	IR	OID_gisby_00383	23	21	0.9130434782608695	0.8877120162379317	false	0	0
late-early	In	OID_gisby_00319	23	19	0.8260869565217391	0.9021387956387548	false	0	0
late-early	CVD2	OID_gisby_00170	23	20	0.8695652173913043	0.9191385162006614	false	0	0
late-early	In	OID_gisby_00294	23	17	0.7391304347826086	0.9495158068015744	false	0	0
late-early	In	OID_gisby_00329	23	23	1	0.12417447075981511	false	0	4
late-early	CM	OID_gisby_00035	23	23	1	0.2625217522844765	false	0	0
late-early	CM	OID_gisby_00013	23	23	1	0.3762452565962358	false	0	0
late-early	CVD3	OID_gisby_00228	23	23	1	0.02536333403021545	true	23	23
late-early	In	OID_gisby_00270	23	23	1	0.7305380211593646	false	0	0
late-early	In	OID_gisby_00292	23	23	1	0.02536333403021545	true	23	23
late-early	CVD2	OID_gisby_00140	23	23	1	0.08371671593448793	false	1	12
late-early	In	OID_gisby_00299	23	23	1	0.12412715396958639	false	0	4
late-early	CVD3	OID_gisby_00202	23	23	1	0.000022416584366413694	true	23	23
late-early	CVD3	OID_gisby_00261	23	23	1	0.3762452565962358	false	0	0
late-early	CVD2	OID_gisby_00159	23	23	1	0.5175207270006392	false	0	0
late-early	IR	OID_gisby_00418	23	21	0.9130434782608695	0.8521345253823279	false	0	0
late-early	In	OID_gisby_00277	23	23	1	0.004836630882895669	true	23	23
late-early	In	OID_gisby_00327	23	23	1	0.22622792936718816	false	0	1
late-early	CM	OID_gisby_00014	23	23	1	0.5434261290894192	false	0	0
late-early	CVD2	OID_gisby_00161	23	23	1	0.3819439669966066	false	0	0
late-early	In	OID_gisby_00334	23	20	0.8695652173913043	0.9174615095176174	false	0	0
late-early	IR	OID_gisby_00427	23	23	1	0.000044320450736595125	true	23	23
late-early	IR	OID_gisby_00350	23	23	1	0.0012156917860986216	true	23	23
late-early	CVD2	OID_gisby_00163	23	23	1	0.2238417970015584	false	0	0
late-early	CM	OID_gisby_00043	23	23	1	0.007695226563937479	true	23	23
late-early	IR	OID_gisby_00368	23	23	1	0.6866441486288426	false	0	0
late-early	In	OID_gisby_00342	23	23	1	0.563317086152725	false	0	0
late-early	CM	OID_gisby_00039	23	23	1	0.2742607830965432	false	0	1
late-early	CM	OID_gisby_00086	23	18	0.782608695652174	0.9034990684243149	false	0	0
late-early	CVD3	OID_gisby_00178	23	23	1	0.5550853725733043	false	0	0
late-early	CVD2	OID_gisby_00103	23	23	1	0.00435040201460723	true	23	23
late-early	In	OID_gisby_00273	23	10	0.43478260869565216	0.9907625856886146	false	0	0
late-early	CVD3	OID_gisby_00227	23	23	1	0.0005291944171594581	true	23	23
late-early	CM	OID_gisby_00019	23	23	1	0.0035979799460596263	true	23	23
late-early	CM	OID_gisby_00030	23	23	1	0.30404039750033407	false	0	0
late-early	CVD3	OID_gisby_00229	23	23	1	0.06476860742094644	false	2	20
late-early	CM	OID_gisby_00054	23	23	1	0.000005479488395021548	true	23	23
late-early	In	OID_gisby_00314	23	23	1	0.3391457027682412	false	0	0
late-early	CVD2	OID_gisby_00094	23	23	1	0.6988397047841591	false	0	0
late-early	In	OID_gisby_00333	23	23	1	0.14586407456043216	false	1	3
late-early	CVD3	OID_gisby_00196	23	23	1	0.15327092626638114	false	0	0
late-early	CVD3	OID_gisby_00232	23	23	1	0.43726787423804964	false	0	0
