panel	assay_id	gene_symbol	uniprot	comparison	n_pairs	mean_a	mean_b	mean_diff	t	df	p_value	bh_q	skip_reason
IR	OID_gisby_00432	LAG3	P18627	late-early	22	3.6341809090909085	4.393660000000001	-0.7594790909090908	-8.936704750384699	21	0.000000013352214001116636	0.000005821565304486853	
In	OID_gisby_00323	CXCL10	P02778	late-early	22	10.956212272727273	12.830683636363638	-1.8744713636363637	-8.13372127797008	21	0.00000006306887256890548	0.000013749014220021394	
CM	OID_gisby_00054	TCN2	P20062	late-early	22	5.010819545454546	5.839764090909091	-0.8289445454545454	-7.682050200756995	21	0.00000015679613984964647	0.000017090779243611465	
CVD3	OID_gisby_00204	TNFRSF10C	O14798	late-early	22	5.042618636363636	4.471449545454546	0.5711690909090906	7.787246119347712	21	0.00000012651958569698252	0.000017090779243611465	
IR	OID_gisby_00427	DDX58	O95786	late-early	22	3.1644027272727273	4.970040454545455	-1.8056377272727275	-7.320513068094355	21	0.0000003315046273044686	0.000024089336250791387	
CVD3	OID_gisby_00190	GRN	P28799	late-early	22	5.751604545454546	6.368084090909092	-0.6164795454545454	-7.334711846607479	21	0.00000032179246889363355	0.000024089336250791387	
CVD2	OID_gisby_00096	BOC	Q9BWV1	late-early	22	4.362272727272727	3.9652372727272724	0.39703545454545464	7.1296027741379655	21	0.0000004957474284417174	0.0000308779826857984	
In	OID_gisby_00337	MCP-2	P80075	late-early	22	9.45887681818182	10.942929545454545	-1.484052727272727	-6.822400438967067	21	0.0000009570107970535702	0.000052157088439419574	
CVD3	OID_gisby_00202	CCL24	O00175	late-early	22	5.769024090909092	4.191917727272728	1.5771063636363636	6.71904733108697	21	0.0000011973899602946148	0.000058006891409828005	
IR	OID_gisby_00358	IRF9	Q00978	late-early	22	1.5638204545454548	2.4698100000000003	-0.9059895454545454	-6.611681796595597	21	0.0000015134635145130915	0.00006598700923277079	
IR	OID_gisby_00376	TRIM21	P19474	late-early	22	3.1222222727272735	4.210110454545454	-1.0878881818181818	-6.493762963454148	21	0.000001960881162998973	0.00007772219882432293	
CM	OID_gisby_00040	NID1	P14543	late-early	22	4.496724999999999	5.132203636363638	-0.6354786363636363	-6.433703683920325	21	0.0000022389060791994098	0.00008134692087757855	
CVD2	OID_gisby_00143	PTX3	P26022	late-early	22	3.594380454545455	4.272717272727272	-0.6783368181818182	-6.306003756411778	21	0.0000029725481778264395	0.00009969469273325597	
CVD3	OID_gisby_00263	CCL16	O15467	late-early	22	7.304730454545455	6.078088181818182	1.2266422727272728	5.649091911935053	21	0.000013174083725697727	0.0004102786074574435	
CM	OID_gisby_00027	VCAM1	P19320	late-early	22	5.947055	6.376726818181819	-0.42967181818181815	-5.410630910681245	21	0.000022882684754588212	0.0006651233702000307	
CM	OID_gisby_00089	LILRB5	O75023	late-early	22	4.954989545454546	4.586839545454546	0.36815	5.297164462910436	21	0.000029815302320823633	0.000812466988242444	
In	OID_gisby_00341	TNFRSF9	Q07011	late-early	22	10.433031363636365	9.861288636363636	0.5717427272727272	5.218111901099542	21	0.00003587632675916552	0.0009201222627644804	
CVD2	OID_gisby_00129	SERPINA12	Q8IW75	late-early	22	4.291497272727273	3.585048181818182	0.7064490909090907	5.170272354207799	21	0.000040138021817570646	0.0009591007774810478	
IR	OID_gisby_00364	PRDX1	Q06830	late-early	22	2.198929545454545	2.813988636363636	-0.6150590909090908	-5.1328338378100264	21	0.00004382905612132504	0.0009591007774810478	
IR	OID_gisby_00377	LILRB4	Q8NHJ6	late-early	22	6.567248181818181	7.122423636363638	-0.5551754545454546	-5.131222342564897	21	0.000043995448508304946	0.0009591007774810478	
CVD3	OID_gisby_00227	TNFSF13B	Q9Y275	late-early	22	6.963201818181818	7.831456363636363	-0.8682545454545455	-5.078860806103478	21	0.000049765280782487764	0.001030779812288422	
IR	OID_gisby_00426	CLEC6A	Q6EIG7	late-early	22	3.270994999999999	3.873395454545454	-0.6024004545454545	-5.031205220449827	21	0.00005568189249482991	0.001030779812288422	
IR	OID_gisby_00435	BTN3A2	P78410	late-early	22	4.762444545454546	5.283975909090909	-0.5215313636363637	-5.023225212808863	21	0.000056740173153491114	0.001030779812288422	
CM	OID_gisby_00046	ST6GAL1	P15907	late-early	22	3.8005209090909093	4.305303181818183	-0.5047822727272726	-5.051260433325773	21	0.00005310965337512741	0.001030779812288422	
CVD3	OID_gisby_00185	ALCAM	Q13740	late-early	22	7.371876818181817	7.0965445454545435	0.27533227272727256	4.986542972377975	21	0.00006187318125250307	0.0010790682810436535	
In	OID_gisby_00338	CASP-8	Q14790	late-early	22	3.194542272727273	3.878120909090909	-0.6835786363636362	-4.870106924837785	21	0.00008149910046650888	0.0013160595482739953	
CM	OID_gisby_00083	GAS6	Q14393	late-early	22	5.550830909090909	5.786592727272727	-0.23576181818181824	-4.872931656167503	21	0.00008095535881813554	0.0013160595482739953	
In	OID_gisby_00332	IFN-gamma	P01579	late-early	22	7.460433636363636	10.017595000000002	-2.5571613636363635	-4.814168180754042	21	0.00009306108092910215	0.0013991252167271909	
CM	OID_gisby_00060	NRP1	O14786	late-early	22	1.4429900000000002	1.238956818181818	0.20403318181818178	4.828381630189334	21	0.00008997482623862574	0.0013991252167271909	
CVD2	OID_gisby_00090	BMP-6	P22004	late-early	22	5.188049545454546	5.527327272727271	-0.3392777272727272	-4.777861254533764	21	0.00010143909399285	0.00147424816602942	
IR	OID_gisby_00413	DFFA	O00273	late-early	22	5.533614545454546	6.0888813636363635	-0.5552668181818181	-4.698477380840053	21	0.00012250884998898925	0.0017230276966193328	
CVD2	OID_gisby_00175	PARP-1	P09874	late-early	22	4.831883181818183	5.670788181818183	-0.838905	-4.613105735846518	21	0.00015012691606952622	0.002006280215914014	
CVD3	OID_gisby_00230	U-PAR	Q03405	late-early	22	8.189156363636362	7.648176363636364	0.5409800000000001	4.608313206591798	21	0.000151851484232024	0.002006280215914014	
IR	OID_gisby_00350	GLB1	P16278	late-early	22	0.6810572727272728	1.1782495454545456	-0.4971922727272728	-4.589104028804337	21	0.00015896641937929168	0.00203851055439327	
CVD3	OID_gisby_00205	GDF-15	Q99988	late-early	22	7.671773636363636	8.15675	-0.48497636363636365	-4.537626936259025	21	0.00017973267637128032	0.0022389556256536634	
CVD3	OID_gisby_00177	TNFRSF14	Q92956	late-early	22	8.288084090909093	8.02548272727273	0.2626013636363637	4.4116387032010955	21	0.00024281947956761307	0.002940813696985536	
CVD3	OID_gisby_00199	FABP4	P15090	late-early	22	9.451551818181818	8.914447727272726	0.5371040909090907	4.275723027246624	21	0.00033604737448911237	0.003959909602087919	
IR	OID_gisby_00402	TREM1	Q9NP99	late-early	22	5.1089627272727265	4.921535909090909	0.1874268181818182	4.241650992958758	21	0.0003645779290630813	0.004183052028197459	
IR	OID_gisby_00379	KRT19	P08727	late-early	22	3.9675231818181826	4.989143181818182	-1.0216200000000002	-4.228694354401665	21	0.0003760527166973837	0.0042040765251297255	
IR	OID_gisby_00390	PTH1R	Q03431	late-early	22	5.656269999999999	5.319426818181818	0.33684318181818174	4.149219216101959	21	0.00045477935213478204	0.004957094938269124	
IR	OID_gisby_00381	HNMT	P50135	late-early	22	10.676303636363638	11.280418636363637	-0.604115	-4.134341740312103	21	0.0004712515613671808	0.005011358067221728	
IR	OID_gisby_00396	CKAP4	Q07065	late-early	22	7.804194999999999	8.38544090909091	-0.5812459090909091	-4.0413244947372196	21	0.0005886216039656667	0.006110452841167397	
In	OID_gisby_00331	IL33	O95760	late-early	22	0.4301063636363636	0.7936922727272726	-0.36358590909090904	-4.000329386007039	21	0.0006492040929790832	0.0063088050321303945	
CM	OID_gisby_00019	PROC	P04070	late-early	22	4.21941	3.9002690909090916	0.31914090909090914	4.0164373784836895	21	0.0006246924635520124	0.0063088050321303945	
CVD3	OID_gisby_00198	TLT-2	Q5T2D2	late-early	22	5.61213	5.372927727272726	0.23920227272727282	3.9990843049712366	21	0.0006511381340501554	0.0063088050321303945	
IR	OID_gisby_00428	IL12RB1	P42701	late-early	22	3.798822272727273	4.174452727272728	-0.3756304545454546	-3.9390780727881376	21	0.0007514709820977128	0.007122638004230495	
CVD2	OID_gisby_00158	THPO	P40225	late-early	22	3.7325518181818182	4.122752727272728	-0.3902009090909091	-3.8519237011905685	21	0.0009251497028777145	0.008403443134472574	
CVD2	OID_gisby_00103	TNFRSF11A	Q9Y6Q6	late-early	22	10.370286818181818	10.130733181818181	0.23955363636363636	3.8533093963990055	21	0.0009220986467948222	0.008403443134472574	
In	OID_gisby_00277	MCP-1	P13500	late-early	22	12.273128636363639	12.699656363636363	-0.4265277272727275	-3.8402437969885153	21	0.0009512678991936419	0.008464342939763834	
CVD3	OID_gisby_00214	IGFBP-1	P08833	late-early	22	7.067789999999999	7.967135454545454	-0.8993454545454547	-3.7599565321986406	21	0.0011516840562542097	0.009510322812814118	
IR	OID_gisby_00398	HEXIM1	O94992	late-early	22	6.0062181818181815	6.550494999999999	-0.5442768181818181	-3.777351282681341	21	0.0011049870348214252	0.009510322812814118	
IR	OID_gisby_00373	GALNT3	Q14435	late-early	22	2.898667272727273	3.314727727272728	-0.4160604545454547	-3.76291877058752	21	0.0011435960404764245	0.009510322812814118	
In	OID_gisby_00306	IL-18R1	Q13478	late-early	22	9.117583181818183	9.402384090909091	-0.284800909090909	-3.758358284523128	21	0.001156071351098964	0.009510322812814118	
CM	OID_gisby_00010	SERPINA5	P05154	late-early	22	7.874082272727272	7.232262727272727	0.6418195454545456	3.748362576562708	21	0.0011838877905772094	0.009558797716512283	
CVD3	OID_gisby_00249	IL-18BP	O95998	late-early	22	7.442935	7.649707727272728	-0.20677272727272725	-3.731023270585526	21	0.0012337191956932614	0.009780028533132036	
IR	OID_gisby_00425	CLEC7A	Q9BXN2	late-early	22	7.125897272727272	6.866130000000001	0.2597672727272726	3.6911398645135582	21	0.0013563465790886742	0.010560126937190393	
CM	OID_gisby_00025	LTBP2	Q14767	late-early	22	2.764508181818181	3.1017845454545454	-0.3372763636363636	-3.6634806689018857	21	0.001448382589014141	0.011078856294915184	
CM	OID_gisby_00043	PLXNB2	O15031	late-early	22	1.9680172727272727	2.2012931818181816	-0.2332759090909091	-3.6455021869000226	21	0.0015114835602159093	0.011362186763002354	
CVD3	OID_gisby_00244	t-PA	P00750	late-early	22	5.145026818181818	5.787061363636364	-0.6420345454545454	-3.5472181757972563	21	0.0019074254025326365	0.014095550432275077	
IR	OID_gisby_00351	PSIP1	O75475	late-early	22	3.937426818181818	4.4572899999999995	-0.5198631818181818	-3.4763444741745952	21	0.0022546252504984654	0.01585510660027953	
In	OID_gisby_00318	TNF	P01375	late-early	22	4.177812727272727	4.536876363636363	-0.35906363636363653	-3.4887853105890207	21	0.0021894828870943073	0.01585510660027953	
CM	OID_gisby_00009	CR2	P20023	late-early	22	6.979749090909093	6.675544090909091	0.30420500000000006	3.482751733421172	21	0.002220841699088316	0.01585510660027953	
CVD3	OID_gisby_00243	ST2	Q01638	late-early	22	6.997165909090909	7.57425	-0.5770840909090907	-3.4275306472640965	21	0.00252909173859428	0.016964369200417016	
IR	OID_gisby_00389	CD28	P10747	late-early	22	2.304309090909091	2.022075	0.28223409090909096	3.4364189285039717	21	0.0024767875462301525	0.016964369200417016	
In	OID_gisby_00320	CD5	P06127	late-early	22	7.310698636363636	7.084650454545456	0.22604818181818187	3.4338379314575955	21	0.00249186556540959	0.016964369200417016	
CVD3	OID_gisby_00218	PSP-D	P35247	late-early	22	3.1047290909090917	2.3230954545454536	0.7816336363636363	3.4118868307156345	21	0.0026237898152048356	0.01725095102189324	
CVD3	OID_gisby_00184	IL2-RA	P01589	late-early	22	6.0550395454545445	5.736223636363636	0.31881590909090923	3.4075021921579016	21	0.002650948895566163	0.01725095102189324	
In	OID_gisby_00348	CSF-1	P09603	late-early	22	10.690851818181816	10.805326363636363	-0.11447454545454537	-3.400146746805032	21	0.002697128835734919	0.017293355476182715	
CVD3	OID_gisby_00195	TIMP4	Q99727	late-early	22	5.443571363636363	4.972154545454545	0.47141681818181824	3.3696485405425456	21	0.002897148721636267	0.01818362074591048	
In	OID_gisby_00296	TNFSF14	O43557	late-early	22	4.556574545454546	5.00442090909091	-0.4478463636363637	-3.366385584076415	21	0.0029193886518663614	0.01818362074591048	
IR	OID_gisby_00407	PIK3AP1	Q6ZUJ8	late-early	22	3.2992672727272723	3.7244063636363633	-0.42513909090909086	-3.3163211407393898	21	0.0032822785401922516	0.01987602004894197	
CM	OID_gisby_00022	PCOLCE	Q15113	late-early	22	7.149057272727274	6.801272272727272	0.3477850000000002	3.3190566562012167	21	0.0032613605304570026	0.01987602004894197	
CVD2	OID_gisby_00154	AGRP	O00253	late-early	22	7.625264999999999	7.981061818181818	-0.3557968181818183	-3.2831063789631383	21	0.0035469442026963005	0.021184488662679274	
IR	OID_gisby_00361	CLEC4C	Q8WTT0	late-early	22	3.236768181818181	3.684244545454545	-0.4474763636363636	-3.2744852544999548	21	0.003618971658777559	0.02132258977333805	
CM	OID_gisby_00077	CCL18	P55774	late-early	22	7.951850909090907	7.397667727272727	0.5541831818181819	3.264020201157131	21	0.0037083207510479888	0.021557704632758974	
In	OID_gisby_00303	IL-15RA	Q13261	late-early	22	3.275424545454545	3.094515909090909	0.18090863636363638	3.2212079864819287	21	0.004096732513853896	0.023502307579477612	
In	OID_gisby_00267	MCP-3	P80098	late-early	22	3.0327740909090917	3.954752727272727	-0.9219786363636363	-3.1950920627575834	21	0.004352796297117711	0.024331015199273363	
CVD3	OID_gisby_00187	CSTB	P04080	late-early	22	8.868038636363638	8.596119090909092	0.27191954545454544	3.197178579898929	21	0.004331779492751542	0.024331015199273363	
IR	OID_gisby_00434	ITGB6	P18564	late-early	22	4.248905	3.998576363636363	0.25032863636363645	3.162432405750524	21	0.004694955719295457	0.025588048392640596	
CVD2	OID_gisby_00153	PRSS8	Q16651	late-early	22	9.81434409090909	9.70252909090909	0.11181499999999968	3.162423291626403	21	0.004695054750943228	0.025588048392640596	
IR	OID_gisby_00355	HCLS1	P14317	late-early	22	6.014945454545455	6.444945000000001	-0.4299995454545455	-3.155128522188088	21	0.004774970781830756	0.025702311862693946	
IR	OID_gisby_00433	CD83	Q01151	late-early	22	5.681999090909091	5.4552854545454545	0.22671363636363634	3.140350123865377	21	0.004940933183790408	0.026271303269909976	
IR	OID_gisby_00431	KPNA1	P52294	late-early	22	-0.812434090909091	-0.5315663636363636	-0.2808677272727273	-3.1274139043065525	21	0.005090783716990899	0.02674194820009677	
CVD2	OID_gisby_00097	IL-4RA	P24394	late-early	22	3.9824740909090908	4.325605454545454	-0.34313136363636365	-3.110991467626441	21	0.005287366688896844	0.027443950909036	
CVD2	OID_gisby_00125	FS	P19883	late-early	22	11.37172	12.041018636363638	-0.6692986363636363	-3.0946594131733676	21	0.005490142684984267	0.028075022591947416	
In	OID_gisby_00295	MCP-4	Q99616	late-early	22	14.835023181818183	14.21588681818182	0.6191363636363638	3.0809212236310133	21	0.0056665183213104875	0.028075022591947416	
IR	OID_gisby_00406	BACH1	O14867	late-early	22	2.4815668181818182	2.973183636363636	-0.4916168181818181	-3.0853310291659586	21	0.00560931523906727	0.028075022591947416	
CM	OID_gisby_00000	PRCP	P42785	late-early	22	1.5662881818181822	1.3153536363636362	0.25093454545454547	3.0880263551820653	21	0.005574627259656406	0.028075022591947416	
In	OID_gisby_00292	IL18	Q14116	late-early	22	9.871766818181817	10.299170000000002	-0.42740318181818177	-3.062584116343859	21	0.005910486153848815	0.028900678064385496	
CVD3	OID_gisby_00210	MPO	P05164	late-early	22	3.015949545454545	3.3284840909090914	-0.31253454545454545	-3.0561536971778738	21	0.005998418488302404	0.028900678064385496	
CVD2	OID_gisby_00164	PD-L2	Q9BQ51	late-early	22	4.349114545454545	4.533553636363637	-0.1844390909090909	-3.053720284724722	21	0.006032022256557523	0.028900678064385496	
CM	OID_gisby_00050	FCN2	Q15485	late-early	22	4.956961363636364	4.450213636363636	0.5067477272727273	3.035407093515956	21	0.006290807328341197	0.029492387044696363	
CVD2	OID_gisby_00142	CEACAM8	P31997	late-early	22	7.399918636363637	7.095550000000002	0.30436863636363626	3.037398529957439	21	0.006262155484206389	0.029492387044696363	
In	OID_gisby_00312	IL-12B	P29460	late-early	22	7.975794545454545	8.463770000000002	-0.4879754545454547	-3.007758747342786	21	0.006701892633669715	0.030798384723400404	
CVD2	OID_gisby_00147	MMP7	P09237	late-early	22	10.323279545454547	9.885484545454544	0.4377949999999998	3.0071872360547105	21	0.0067106572218418314	0.030798384723400404	
CVD2	OID_gisby_00145	CCL17	Q92583	late-early	22	9.049202272727273	8.320513181818184	0.7286890909090912	2.9892282018613088	21	0.006991764442096704	0.031754263507855866	
CVD3	OID_gisby_00225	FAS	P25445	late-early	22	6.808277272727272	6.631746818181818	0.1765304545454546	2.9727486900384865	21	0.007259655496762107	0.032631028830807	
CVD2	OID_gisby_00134	THBS2	P35442	late-early	22	5.687892727272728	5.814460454545455	-0.1265677272727272	-2.9429093165395974	21	0.007770030776999892	0.03456870835481585	
CM	OID_gisby_00065	THBS4	P35443	late-early	22	5.228271818181818	5.835548181818182	-0.6072763636363638	-2.9381032834546157	21	0.007855390406825702	0.03459545674117178	
In	OID_gisby_00307	PD-L1	Q9NZQ7	late-early	22	8.094493636363636	8.350893181818181	-0.25639954545454546	-2.9304637048151743	21	0.00799293151831204	0.034645568849796006	
CVD3	OID_gisby_00197	CDH5	P33151	late-early	22	3.2397368181818176	3.099477272727273	0.1402595454545455	2.928662569720078	21	0.00802569370144357	0.034645568849796006	
CVD2	OID_gisby_00099	IL-1ra	P18510	late-early	22	6.535790454545457	7.041536818181819	-0.5057463636363638	-2.902801897859712	21	0.008510527725472006	0.035343578481771554	
In	OID_gisby_00310	TRANCE	O14788	late-early	22	4.249507727272728	3.777040454545455	0.47246727272727274	2.908995344119293	21	0.008391919567054762	0.035343578481771554	
CVD2	OID_gisby_00111	IL-27	Q8NEV9,Q14213	late-early	22	6.762904999999998	7.015970454545453	-0.2530654545454545	-2.9012269235905896	21	0.008540944583819154	0.035343578481771554	
CVD3	OID_gisby_00252	CTSZ	Q9UBR2	late-early	22	4.972623636363635	5.172597272727272	-0.19997363636363633	-2.9083400366593946	21	0.008404393766117568	0.035343578481771554	
In	OID_gisby_00308	Beta-NGF	P01138	late-early	22	-0.07169545454545455	-0.004529545454545453	-0.06716590909090908	-2.8985591042409506	21	0.008592704860247213	0.035343578481771554	
CVD2	OID_gisby_00132	MERTK	Q12866	late-early	22	7.128559545454545	7.3864490909090925	-0.2578895454545453	-2.862073019039535	21	0.009331439773990535	0.038023436836073586	
In	OID_gisby_00317	IL10	P22301	late-early	22	4.215786818181819	5.11364	-0.8978531818181817	-2.825851212661546	21	0.01012464173580252	0.04087355367416573	
CVD2	OID_gisby_00155	HB-EGF	Q99075	late-early	22	5.5969713636363645	5.897425454545456	-0.30045409090909075	-2.821523095626066	21	0.010223615913658168	0.04089446365463267	
CVD2	OID_gisby_00112	IL-17D	Q8TAD2	late-early	22	3.1395345454545454	3.2831904545454544	-0.1436559090909091	-2.8101893044440183	21	0.010487184648173109	0.04156738642366796	
CM	OID_gisby_00017	NOTCH1	P46531	late-early	22	3.431849090909091	3.5916995454545457	-0.15985045454545446	-2.805825219555564	21	0.010590389088687813	0.04159828506908006	
CVD3	OID_gisby_00228	PRTN3	P24158	late-early	22	4.703832272727274	5.147593636363636	-0.44376136363636365	-2.7928402294230312	21	0.010903220018168236	0.042444677927869205	
IR	OID_gisby_00367	PRDX5	P30044	late-early	22	5.496009999999999	5.900617727272728	-0.40460772727272726	-2.7737744677573555	21	0.011378534683976538	0.043266942099263586	
CVD3	OID_gisby_00215	CHIT1	Q13231	late-early	22	4.263635	3.995391818181818	0.2682431818181819	2.777097227554678	21	0.011294302839271131	0.043266942099263586	
CM	OID_gisby_00018	PAM	P19021	late-early	22	2.3144572727272728	2.4767840909090912	-0.16232681818181816	-2.772454861463738	21	0.011412152159209432	0.043266942099263586	
In	OID_gisby_00324	4E-BP1	Q13541	late-early	22	10.470298181818182	10.61168818181818	-0.14139000000000018	-2.765867536993582	21	0.011581384266897476	0.043530030520407756	
CM	OID_gisby_00073	APOM	O95445	late-early	22	5.3308004545454555	5.102433636363636	0.22836681818181814	2.760278429154481	21	0.011726840121011772	0.043700019596248994	
IR	OID_gisby_00356	CNTNAP2	Q9UHC6	late-early	22	2.6605136363636364	2.45738909090909	0.20312454545454547	2.746079792561061	21	0.012104205558250536	0.044724013757603674	
In	OID_gisby_00291	CD6	P30203	late-early	22	6.014727727272728	5.829483181818182	0.1852445454545455	2.7398680273348774	21	0.012272900881648452	0.044966258692426264	
CM	OID_gisby_00007	SERPINA7	P05543	late-early	22	4.604013181818183	4.798943181818181	-0.19493000000000008	-2.7126224931028613	21	0.01303952640553585	0.04737694594011359	
CM	OID_gisby_00024	MET	P08581	late-early	22	2.3683777272727267	2.534453181818182	-0.1660754545454546	-2.6940502055484044	21	0.013587890486202348	0.04896132439656383	
CVD3	OID_gisby_00231	OPN	P10451	late-early	22	10.437022727272728	10.52189681818182	-0.08487409090909112	-2.6669778526570744	21	0.014426458482936555	0.051556851627543754	
CVD2	OID_gisby_00167	TNFRSF13B	O14836	late-early	22	11.373634999999998	11.08757318181818	0.28606181818181803	2.660474152338152	21	0.01463507757969884	0.051877185567062556	
In	OID_gisby_00340	CX3CL1	P78423	late-early	22	6.336471363636364	6.59929909090909	-0.2628277272727273	-2.6372983273872737	21	0.015401888139375597	0.054155026038449676	
CVD2	OID_gisby_00105	TRAIL-R2	O14763	late-early	22	10.06416090909091	9.530160909090908	0.5340000000000003	2.6115053355832627	21	0.01629979181975605	0.05639912316636807	
CVD3	OID_gisby_00222	AXL	P30530	late-early	22	9.143082727272727	8.873888181818183	0.2691945454545454	2.607927058319041	21	0.016428184959010883	0.05639912316636807	
CVD3	OID_gisby_00237	IL-1RT2	P27930	late-early	22	4.955979090909091	4.756331818181817	0.19964727272727278	2.6115045552996565	21	0.016299819714050257	0.05639912316636807	
IR	OID_gisby_00404	SRPK2	P78362	late-early	22	2.370342727272727	2.962337727272727	-0.5919949999999999	-2.5931253939260928	21	0.01696946853350112	0.05780225219223819	
In	OID_gisby_00279	CXCL11	O14625	late-early	22	9.47823772727273	10.160044545454545	-0.6818068181818182	-2.5704110972404615	21	0.017832825522166917	0.060272185485773455	
CVD2	OID_gisby_00140	IL16	Q14005	late-early	22	7.757006818181818	7.9691195454545465	-0.2121127272727274	-2.559448675301998	21	0.018264104665690617	0.06125499718647007	
CVD2	OID_gisby_00113	CXCL1	P09341	late-early	22	10.07909818181818	10.605732727272729	-0.5266345454545456	-2.546070819654081	21	0.0188036690850506	0.0621331070261742	
IR	OID_gisby_00382	CCL11	P51671	late-early	22	7.9786459090909085	7.7899104545454545	0.18873545454545457	2.5458929998198454	21	0.018810940659300446	0.0621331070261742	
IR	OID_gisby_00408	SPRY2	O43597	late-early	22	3.8693540909090913	4.305515454545454	-0.4361613636363637	-2.5351621394025	21	0.01925466747393001	0.06264951506442899	
CVD2	OID_gisby_00139	HO-1	P09601	late-early	22	12.060702272727275	12.306450909090909	-0.24574863636363656	-2.5378986421783103	21	0.01914058935202201	0.06264951506442899	
CM	OID_gisby_00058	CNDP1	Q96KN2	late-early	22	2.65822	2.8862668181818183	-0.22804681818181827	-2.529504433465016	21	0.019492545639534953	0.06295370295434992	
CVD2	OID_gisby_00160	GT	P51161	late-early	22	4.006770909090909	4.426324545454547	-0.41955363636363624	-2.5142112971847106	21	0.020149386050532403	0.064146256961358	
CM	OID_gisby_00081	C1QTNF1	Q9BXJ1	late-early	22	5.024833181818181	5.437798181818181	-0.41296499999999986	-2.509381310286502	21	0.020361098646181075	0.064146256961358	
CVD2	OID_gisby_00162	MMP12	P39900	late-early	22	8.145549090909093	7.882420909090908	0.26312818181818165	2.507360382720693	21	0.020450297517497162	0.064146256961358	
CVD3	OID_gisby_00224	MMP-2	P08253	late-early	22	3.051074090909091	2.804084090909091	0.24699000000000002	2.5105290951963197	21	0.02031060027000886	0.064146256961358	
CVD3	OID_gisby_00221	AP-N	P15144	late-early	22	5.5011031818181815	5.3592177272727275	0.14188545454545462	2.5005423006065777	21	0.020753933153920823	0.06463367753649628	
IR	OID_gisby_00369	TRIM5	Q9C035	late-early	22	2.8549345454545456	3.274299545454545	-0.41936499999999993	-2.461568196087017	21	0.022571956598912424	0.06889944578335881	
CM	OID_gisby_00061	EFEMP1	Q12805	late-early	22	6.762766363636363	6.918347272727274	-0.1555809090909089	-2.461036521094687	21	0.022597754006927318	0.06889944578335881	
CVD2	OID_gisby_00115	Gal-9	O00182	late-early	22	9.346772727272725	9.43418727272727	-0.08741454545454518	-2.466781887688625	21	0.022320432604370666	0.06889944578335881	
IR	OID_gisby_00397	JUN	P05412	late-early	22	0.4040263636363637	0.6424845454545455	-0.23845818181818182	-2.4383745117473783	21	0.02372320572336073	0.0718285951068422	
CVD2	OID_gisby_00150	DCN	P07585	late-early	22	5.713621363636363	5.818339090909092	-0.10471772727272724	-2.359453194614715	21	0.02806178374090984	0.08437888076577027	
IR	OID_gisby_00360	DGKZ	Q13574	late-early	22	0.21292181818181818	0.4342181818181818	-0.22129636363636365	-2.3351832258281706	21	0.029536807748779204	0.08820580944155981	
In	OID_gisby_00264	IL8	P10145	late-early	22	6.378324545454546	6.779121818181818	-0.4007972727272728	-2.3067907529852905	21	0.03135294241687503	0.09299240063780621	
CVD3	OID_gisby_00229	PCSK9	Q8NBP7	late-early	22	2.541948636363636	2.7547745454545454	-0.212825909090909	-2.298107557171728	21	0.03192854635253095	0.09405977168718578	
CM	OID_gisby_00023	LILRB1	Q8NHL6	late-early	22	2.683885	2.870405909090909	-0.18652090909090913	-2.2948691191439954	21	0.03214569534557521	0.0940639138971194	
In	OID_gisby_00305	IL-22 RA1	Q8N6P7	late-early	22	2.0713804545454546	2.3415549999999996	-0.2701745454545455	-2.2888463536375547	21	0.032553154826078234	0.09462117002780074	
CVD3	OID_gisby_00226	MB	P02144	late-early	22	8.621355000000001	9.09126090909091	-0.469905909090909	-2.253762305364076	21	0.035022395641259196	0.10112426820919873	
CM	OID_gisby_00015	CCL14	Q16627	late-early	22	8.025318636363636	7.781090000000001	0.24422863636363631	2.2405246957969247	21	0.0359977937137439	0.10125831005930541	
In	OID_gisby_00300	LIF-R	P42702	late-early	22	4.686858181818182	4.877026818181818	-0.19016863636363646	-2.2494669449490003	21	0.03533621217210481	0.10125831005930541	
CM	OID_gisby_00068	LYVE1	Q9Y5Y7	late-early	22	7.1987940909090895	7.040455454545455	0.15833863636363635	2.2405435363452466	21	0.035996387994256196	0.10125831005930541	
CM	OID_gisby_00056	ICAM3	P32942	late-early	22	3.226816818181818	3.34797590909091	-0.12115909090909088	-2.244793113695326	21	0.03568060008073659	0.10125831005930541	
CVD2	OID_gisby_00121	CTRC	Q99895	late-early	22	10.402621363636365	10.057527272727272	0.34509409090909104	2.2329949333062338	21	0.036563633037891785	0.10219066669564626	
CVD2	OID_gisby_00136	VSIG2	Q96IQ7	late-early	22	6.8709086363636365	6.7235109090909075	0.14739772727272724	2.2272154141201175	21	0.03700344442948866	0.10276115777870738	
In	OID_gisby_00311	HGF	P14210	late-early	22	10.59489409090909	11.33137136363636	-0.7364772727272727	-2.2188874445178297	21	0.03764568362283116	0.10388302569338217	
CVD3	OID_gisby_00238	SHPS-1	P78324	late-early	22	4.444324090909091	4.324745909090908	0.11957818181818186	2.1921708757492704	21	0.03977521708167875	0.10906914872711908	
IR	OID_gisby_00415	FCRL6	Q6DN72	late-early	22	4.136601818181819	4.394885000000001	-0.2582831818181817	-2.181833940575725	21	0.040628155007276456	0.11071172239482834	
CVD3	OID_gisby_00213	RETN	Q9HD89	late-early	22	8.62989590909091	8.83115818181818	-0.2012622727272728	-2.161713650983865	21	0.042336164629392714	0.11464948930692685	
IR	OID_gisby_00363	CLEC4A	Q9UMR7	late-early	22	5.208478181818182	5.0291713636363635	0.1793068181818181	2.144772866922423	21	0.04382447842714954	0.1179473616928222	
CVD3	OID_gisby_00188	CD163	Q86VB7	late-early	22	8.466094090909094	8.280540454545458	0.1855536363636361	2.1168057742906425	21	0.046385375845688914	0.12407376606576911	
In	OID_gisby_00333	FGF-19	O95750	late-early	22	9.138624545454547	8.691775000000002	0.4468495454545454	2.098115180317056	21	0.0481713513259765	0.12673544195435046	
CVD3	OID_gisby_00179	ITGB2	P05107	late-early	22	5.486895454545455	5.278215454545454	0.20868	2.0943027920963324	21	0.04854316239994616	0.12673544195435046	
In	OID_gisby_00339	CCL25	O15444	late-early	22	7.3848163636363635	7.508392272727274	-0.12357590909090911	-2.096917312465323	21	0.04828789862801042	0.12673544195435046	
IR	OID_gisby_00416	NCR1	O76036	late-early	22	5.903469090909092	6.013086363636362	-0.1096172727272726	-2.0981675844310432	21	0.048166258423778086	0.12673544195435046	
IR	OID_gisby_00430	ITGA11	Q9UKX5	late-early	22	1.7811881818181816	1.9718422727272726	-0.1906540909090909	-2.0828340697826935	21	0.04967729765532858	0.12892441534359084	
CVD3	OID_gisby_00183	EPHB4	P54760	late-early	22	6.947938636363636	7.059083181818182	-0.11114454545454532	-2.062268812696999	21	0.05177077616400627	0.13356247578406352	
CM	OID_gisby_00031	PTPRS	Q13332	late-early	22	1.5912045454545456	1.5129245454545455	0.07827999999999999	2.0392863176864853	21	0.05420366397420673	0.13901645583973019	
CVD3	OID_gisby_00186	SELP	P16109	late-early	22	9.60570909090909	9.105199545454546	0.5005095454545453	2.000159949763149	21	0.05858148669722474	0.14856536480070534	
CM	OID_gisby_00069	CA3	P07451	late-early	22	2.915851363636363	3.3801695454545455	-0.4643181818181819	-1.9999279814941404	21	0.05860835492137917	0.14856536480070534	
CM	OID_gisby_00021	NCAM1	P13591	late-early	22	3.60347909090909	3.7294109090909084	-0.1259318181818182	-1.995156723304455	21	0.05916343503436372	0.14910553569354093	
CVD3	OID_gisby_00196	CNTN1	Q12860	late-early	22	3.7457704545454535	3.59648	0.1492904545454546	1.977522975989735	21	0.06125571315269207	0.1534913272101939	
IR	OID_gisby_00409	STC1	P52823	late-early	22	6.783810909090908	6.92537090909091	-0.14156000000000013	-1.968591315835205	21	0.06234033633845004	0.15531649510608125	
CM	OID_gisby_00088	VASN	Q6EMK4	late-early	22	2.476418181818182	2.377979090909091	0.09843909090909088	1.962253620877574	21	0.06312025684901235	0.15636609083050787	
In	OID_gisby_00329	EN-RAGE	P80511	late-early	22	4.676695909090911	4.213166818181818	0.4635290909090909	1.9556738289374382	21	0.06393910611008424	0.15680847438889822	
CVD3	OID_gisby_00201	PAI	P05121	late-early	22	4.9356718181818175	5.319631363636365	-0.3839595454545454	-1.9550427253680116	21	0.06401813862666028	0.15680847438889822	
IR	OID_gisby_00414	DCBLD2	Q96PD2	late-early	22	8.50240681818182	8.392284090909088	0.11012272727272715	1.9517188943458477	21	0.06443580769871748	0.1569497885845856	
In	OID_gisby_00271	IL7	P13232	late-early	22	1.7260286363636368	2.0309390909090905	-0.3049104545454546	-1.9386402169323056	21	0.06610275979437419	0.1601155737241508	
IR	OID_gisby_00365	PRDX3	P30048	late-early	22	0.5027259090909092	0.8246086363636366	-0.32188272727272726	-1.9267719041544566	21	0.06764829829648944	0.16295391191861547	
In	OID_gisby_00275	IL6	P05231	late-early	22	4.554267727272728	5.318720454545455	-0.7644527272727273	-1.9050863039946173	21	0.07055474598390132	0.1690212596097856	
In	OID_gisby_00299	MMP-1	P03956	late-early	22	14.810512727272727	14.404431818181822	0.40608090909090905	1.8939653844669369	21	0.07208742706361004	0.17081585978116293	
In	OID_gisby_00302	CCL19	Q99731	late-early	22	10.759101363636365	11.038193181818183	-0.279091818181818	-1.894340180126441	21	0.07203530046591311	0.17081585978116293	
CM	OID_gisby_00034	ANGPTL3	Q9Y5C1	late-early	22	6.665113181818182	6.45751	0.2076031818181817	1.8825005491815863	21	0.07369803684119458	0.17368834628519372	
CVD3	OID_gisby_00207	AZU1	P20160	late-early	22	3.9013954545454563	4.396377272727272	-0.4949818181818182	-1.8589526380895085	21	0.07710530179786823	0.1807414601283363	
CVD2	OID_gisby_00171	HSP 27	P04792	late-early	22	10.757412727272724	10.667534090909092	0.08987863636363637	1.8490229041643915	21	0.07858286415894677	0.18321993996417538	
In	OID_gisby_00272	OPG	O00300	late-early	22	11.378785909090906	11.522577727272724	-0.14379181818181788	-1.8390909448431294	21	0.08008541026763982	0.1857299940249519	
IR	OID_gisby_00391	HSD11B1	P28845	late-early	22	2.9688827272727267	3.1970286363636364	-0.22814590909090907	-1.8220196366618253	21	0.08272654316027239	0.19084006781946436	
In	OID_gisby_00336	NRTN	Q99748	late-early	22	0.6122186363636364	0.987140909090909	-0.37492227272727274	-1.8076043946609326	21	0.0850153773293616	0.1948805407072976	
CM	OID_gisby_00038	ITGAM	P11215	late-early	22	-0.7663204545454545	-0.6255190909090909	-0.14080136363636367	-1.8053888807436422	21	0.08537197998874735	0.1948805407072976	
CVD2	OID_gisby_00119	RAGE	Q15109	late-early	22	14.454313181818181	14.536829090909093	-0.08251590909090903	-1.8020774720753292	21	0.08590739164773042	0.19508136853338784	
In	OID_gisby_00276	IL-17C	Q9P0M4	late-early	22	5.133544545454544	5.466003636363635	-0.33245909090909104	-1.7890941985707585	21	0.0880347692791501	0.1978513371428322	
IR	OID_gisby_00421	PADI2	Q9Y2J8	late-early	22	1.2121045454545456	1.4631440909090907	-0.2510395454545454	-1.7913878772510532	21	0.08765565669799424	0.1978513371428322	
In	OID_gisby_00301	FGF-21	Q9NSA1	late-early	22	9.015039090909092	9.510274999999998	-0.49523590909090914	-1.7808152181692618	21	0.08941498297903938	0.19866145234986435	
In	OID_gisby_00327	CCL28	Q9NRJ3	late-early	22	3.5151836363636364	3.9814731818181825	-0.4662895454545453	-1.7813388445930745	21	0.08932713724401964	0.19866145234986435	
CM	OID_gisby_00029	COMP	P49747	late-early	22	7.544148636363636	7.845684545454546	-0.301535909090909	-1.778609381509354	21	0.08978586274406974	0.19866145234986435	
CVD3	OID_gisby_00206	SELE	P16581	late-early	22	10.20383772727273	10.075050454545455	0.12878727272727283	1.7760502010686878	21	0.09021781551668151	0.19866145234986435	
CM	OID_gisby_00028	SELL	P14151	late-early	22	8.24133409090909	8.371686363636362	-0.13035227272727312	-1.7731808657752333	21	0.09070424905539176	0.19872890747814476	
CM	OID_gisby_00002	ICAM1	P05362	late-early	22	6.983981363636364	6.810383636363636	0.17359772727272738	1.7697304284410684	21	0.09129218988513932	0.19901697394960371	
In	OID_gisby_00269	CDCP1	Q9H5V8	late-early	22	4.163019090909091	4.009153636363636	0.1538654545454546	1.7631925391939949	21	0.09241523266580387	0.20046289274771387	
CM	OID_gisby_00078	COL18A1	P39060	late-early	22	5.696623636363636	5.590240454545454	0.10638318181818196	1.7528971785850869	21	0.09420782428892083	0.2025442916501703	
In	OID_gisby_00304	IL-10RB	Q08334	late-early	22	7.504935000000001	7.4587045454545455	0.04623045454545452	1.7523502802980284	21	0.09430387891051506	0.2025442916501703	
In	OID_gisby_00325	IL-20	Q9NYY1	late-early	22	-0.010946363636363636	0.07775863636363636	-0.088705	-1.7417192502094831	21	0.09618784981942463	0.20557795353563302	
CVD2	OID_gisby_00114	LOX-1	P78380	late-early	22	7.562910454545456	7.873066363636366	-0.31015590909090895	-1.73707011671541	21	0.09702184061907437	0.20634889029227524	
IR	OID_gisby_00357	CLEC4G	Q6UXB4	late-early	22	4.131257727272729	4.261099545454545	-0.12984181818181814	-1.7261882804427375	21	0.09899816042064247	0.2095244194886602	
CM	OID_gisby_00004	TGFBI	Q15582	late-early	22	8.734259999999999	8.856847272727274	-0.12258727272727267	-1.7235849551016047	21	0.09947604319759784	0.2095244194886602	
CM	OID_gisby_00070	TGFBR3	Q03167	late-early	22	4.849421363636363	4.741764090909092	0.10765727272727266	1.7195932012132773	21	0.10021262682619425	0.21006108315490718	
CVD2	OID_gisby_00151	Dkk-1	O94907	late-early	22	10.055921818181817	10.168721818181817	-0.1128000000000001	-1.7136597841153554	21	0.10131611185268685	0.21135801324292566	
CVD3	OID_gisby_00189	Gal-3	P17931	late-early	22	5.1318577272727275	5.053022272727271	0.07883545454545442	1.6296550441420856	21	0.11808376981324864	0.24516439827893527	
CVD2	OID_gisby_00118	PIgR	P01833	late-early	22	5.507961818181817	5.567598636363635	-0.059636818181818096	-1.6038390982393218	21	0.12368459045874713	0.2555757414218661	
CVD3	OID_gisby_00182	MMP-9	P14780	late-early	22	4.8870354545454555	4.628051818181818	0.25898363636363625	1.5869637849855542	21	0.12746462631966993	0.25894408296653815	
IR	OID_gisby_00422	SIT1	Q9Y3P8	late-early	22	2.9148868181818184	2.695969545454546	0.21891727272727268	1.59045423876468	21	0.12667495900133163	0.25894408296653815	
IR	OID_gisby_00410	ARNT	P27540	late-early	22	0.7138590909090908	0.8713513636363636	-0.15749227272727276	-1.5859695160344787	21	0.1276903161417562	0.25894408296653815	
CVD3	OID_gisby_00217	GP6	Q9HCN6	late-early	22	3.126274090909091	2.9727931818181816	0.15348090909090917	1.5915326437904866	21	0.12643181196475495	0.25894408296653815	
CVD2	OID_gisby_00163	ACE2	Q9BYF1	late-early	22	3.8798659090909084	3.747829090909091	0.13203681818181814	1.571416131536791	21	0.13103210189426617	0.26449072419398173	
CM	OID_gisby_00020	CST3	P01034	late-early	22	9.699568636363637	9.837836363636367	-0.13826772727272754	-1.5472552140452798	21	0.13674038655814336	0.2747410531767304	
CVD3	OID_gisby_00180	IL-17RA	Q96F46	late-early	22	3.758432272727272	3.699177727272726	0.05925454545454559	1.536231547074412	21	0.13941242184215108	0.27882484368430216	
CM	OID_gisby_00016	GNLY	P22749	late-early	22	1.4090086363636363	1.5475472727272725	-0.1385386363636363	-1.528274823786613	21	0.14136772583671275	0.2814444222137295	
In	OID_gisby_00321	Flt3L	P49771	late-early	22	9.260614545454546	9.048676363636362	0.21193818181818153	1.5176311506677242	21	0.14401860607577577	0.28490539300082435	
IR	OID_gisby_00371	ITGA6	P23229	late-early	22	1.3031240909090906	1.4198731818181818	-0.11674909090909093	-1.5134680827616034	21	0.14506650744537386	0.28490539300082435	
CVD3	OID_gisby_00181	TNF-R2	P20333	late-early	22	8.398579999999997	8.289129545454545	0.10945045454545452	1.5158488816993019	21	0.14446646341639013	0.28490539300082435	
CM	OID_gisby_00087	MFAP5	Q13361	late-early	22	2.740981818181818	2.6228049999999996	0.11817681818181817	1.5084708096619117	21	0.14633265272478724	0.28610330308523424	
In	OID_gisby_00293	SLAMF1	Q13291	late-early	22	3.9428463636363635	3.80557409090909	0.13727227272727272	1.502649327503359	21	0.14781904504308363	0.28771921267314493	
CVD2	OID_gisby_00095	ADAM-TS13	Q76LX8	late-early	22	4.902628636363637	4.963939545454545	-0.061310909090909055	-1.4954503586705945	21	0.14967423574628658	0.2900354079350264	
CVD3	OID_gisby_00242	CHI3L1	P36222	late-early	22	8.31711909090909	8.167862272727273	0.14925681818181846	1.488721753001934	21	0.15142539460120252	0.29213040728373585	
CM	OID_gisby_00030	CA4	P22748	late-early	22	1.8801004545454547	1.972397272727273	-0.09229681818181822	-1.4836798092132313	21	0.1527485308960146	0.29338484348309407	
CM	OID_gisby_00032	MBL2	P11226	late-early	22	9.098428181818182	8.949412727272726	0.14901545454545442	1.476529021154395	21	0.15464124401381518	0.29571746662290976	
CVD2	OID_gisby_00109	IL1RL2	Q9HB29	late-early	22	4.190484090909089	4.348188181818181	-0.15770409090909082	-1.4734647779142032	21	0.15545813367351902	0.29598142481071743	
CVD3	OID_gisby_00219	PI3	P19957	late-early	22	5.421197272727273	5.271702272727272	0.1494949999999999	1.4125777536849247	21	0.17242928325058893	0.3191669416756775	
CM	OID_gisby_00066	F7	P08709	late-early	22	4.164069999999999	4.275376363636364	-0.11130636363636363	-1.4126075654121408	21	0.17242062327192986	0.3191669416756775	
In	OID_gisby_00298	FGF-5	P12034	late-early	22	2.0811454545454544	1.970694090909091	0.11045136363636367	1.416598799935026	21	0.17126436058680738	0.3191669416756775	
CM	OID_gisby_00006	PLTP	P55058	late-early	22	2.2308299999999996	2.1218227272727272	0.10900727272727274	1.4225390847101373	21	0.16955499594080514	0.3191669416756775	
CVD3	OID_gisby_00258	TNF-R1	P19438	late-early	22	10.008651363636364	9.902102272727273	0.10654909090909115	1.41796001203263	21	0.17087144344105054	0.3191669416756775	
IR	OID_gisby_00417	CXCL12	P48061	late-early	22	1.2233222727272728	1.310524090909091	-0.08720181818181817	-1.4114398670076982	21	0.17276008769600892	0.3191669416756775	
CVD2	OID_gisby_00135	TM	P07204	late-early	22	10.754349090909091	10.715252727272729	0.039096363636363644	1.4187892417377284	21	0.1706324394074381	0.3191669416756775	
CM	OID_gisby_00035	REG3A	Q06141	late-early	22	3.007589545454545	2.7840872727272727	0.2235022727272728	1.4069294008374078	21	0.17407637214860583	0.32024176479659133	
CVD2	OID_gisby_00116	GIF	P27352	late-early	22	7.779128636363637	8.081224545454546	-0.3020959090909093	-1.3930388387063823	21	0.17818054780779713	0.3205921110728051	
In	OID_gisby_00322	CXCL6	P80162	late-early	22	8.113765909090908	8.328304999999999	-0.21453909090909082	-1.3924394510989877	21	0.17835937029138993	0.3205921110728051	
IR	OID_gisby_00400	PRKCQ	Q04759	late-early	22	0.6782881818181817	0.8795954545454545	-0.20130727272727267	-1.3899666048636496	21	0.17909863885924526	0.3205921110728051	
CM	OID_gisby_00057	SAA4	P35542	late-early	22	4.42817090909091	4.604981818181819	-0.17681090909090896	-1.388914422723434	21	0.1794139337196432	0.3205921110728051	
In	OID_gisby_00346	ADA	P00813	late-early	22	6.228374999999999	6.391595000000001	-0.16321999999999984	-1.3936443584749008	21	0.1780000411793201	0.3205921110728051	
CVD3	OID_gisby_00212	IL-6RA	P08887	late-early	22	12.111939545454545	12.001520454545455	0.1104190909090907	1.4016291591930783	21	0.17563338902809567	0.3205921110728051	
CVD2	OID_gisby_00104	PAR-1	P25116	late-early	22	9.749627727272726	9.788624090909092	-0.038996363636363635	-1.3942903171079888	21	0.17780764060748466	0.3205921110728051	
CM	OID_gisby_00039	TNC	P24821	late-early	22	5.174496818181819	5.4333149999999995	-0.25881818181818184	-1.3742211291374806	21	0.18386327722270845	0.32720158722081993	
In	OID_gisby_00330	CD40	P25942	late-early	22	14.271031818181818	14.227391818181816	0.04364000000000006	1.3501603496510495	21	0.19133794764105905	0.33911928931504776	
CM	OID_gisby_00055	PRSS2	P07478	late-early	22	6.307140909090908	6.059539090909092	0.24760181818181817	1.34522185657885	21	0.19290141032280395	0.34050613320138673	
CVD2	OID_gisby_00144	PSGL-1	Q14242	late-early	22	3.889470454545455	3.95411090909091	-0.0646404545454546	-1.339756351197107	21	0.1946434357370741	0.3421957176667916	
In	OID_gisby_00315	ARTN	Q5T4W7	late-early	22	0.8736349999999998	1.0856586363636365	-0.2120236363636364	-1.3287480369254596	21	0.19818967333472415	0.34703091395156516	
CVD2	OID_gisby_00146	CCL3	P10147	late-early	22	8.075752272727273	7.928765000000001	0.1469872727272726	1.3192487679145504	21	0.2012903479893069	0.35105036689335123	
CVD2	OID_gisby_00128	PAPPA	Q13219	late-early	22	4.027381363636364	4.519301363636364	-0.49191999999999997	-1.3064827996864852	21	0.20551691933412797	0.35699353318597526	
CVD2	OID_gisby_00123	SPON2	Q9BUD6	late-early	22	8.78867409090909	8.755526818181817	0.03314727272727292	1.2919079129356046	21	0.2104265983417677	0.36407141617861394	
IR	OID_gisby_00392	NF2	P35240	late-early	22	-0.4276081818181819	-0.08612136363636365	-0.3414868181818182	-1.2843195180407896	21	0.21301860838891784	0.36565398920302433	
CM	OID_gisby_00079	LCN2	P80188	late-early	22	2.9667459090909087	2.853108181818182	0.11363772727272735	1.2857166271103662	21	0.2125395416854592	0.36565398920302433	
In	OID_gisby_00314	IL13	P35225	late-early	22	0.6142945454545454	0.5407245454545455	0.07356999999999998	1.2615179380646	21	0.22095583850630796	0.37779115917156963	
CVD3	OID_gisby_00194	Notch 3	Q9UM47	late-early	22	5.479499090909092	5.5728895454545455	-0.0933904545454546	-1.2556720759943218	21	0.22302698373597796	0.37984283167533744	
In	OID_gisby_00266	CD8A	P01732	late-early	22	10.14962	10.287937727272727	-0.13831772727272734	-1.2531531656033903	21	0.2239239955465986	0.3798866227950077	
In	OID_gisby_00274	uPA	P00749	late-early	22	10.144610454545456	10.226379545454545	-0.08176909090909086	-1.2494222720759072	21	0.22525768817564273	0.38066803118054354	
In	OID_gisby_00281	TRAIL	P50591	late-early	22	7.636222727272727	7.756890454545455	-0.12066772727272725	-1.2312108422667092	21	0.2318552140573913	0.3872105481183099	
CM	OID_gisby_00008	IGFBP3	P17936	late-early	22	4.173243181818183	4.278230000000001	-0.10498681818181815	-1.2301722878198365	21	0.23223584702684286	0.3872105481183099	
CVD3	OID_gisby_00248	CD93	Q9NPY3	late-early	22	11.529852272727274	11.476035909090907	0.05381636363636359	1.2335297671246592	21	0.23100703686483226	0.3872105481183099	
CVD3	OID_gisby_00192	PLC	P98160	late-early	22	9.157918181818182	9.111925909090912	0.045992272727272715	1.2289577872397925	21	0.23268156790595684	0.3872105481183099	
CM	OID_gisby_00059	FCGR2A	P12318	late-early	22	4.297387272727273	4.212776818181819	0.08461045454545446	1.2227105975947685	21	0.23498457212896606	0.38955617280695515	
CVD3	OID_gisby_00259	IGFBP-2	P18065	late-early	22	10.375089090909093	10.514647727272727	-0.13955863636363636	-1.2134630579470942	21	0.23842536094642686	0.3937630961084928	
CVD3	OID_gisby_00223	IL-1RT1	P14778	late-early	22	5.793403636363637	5.672874545454546	0.12052909090909093	1.208187526365672	21	0.2404052756053514	0.395534717599748	
IR	OID_gisby_00419	IFNLR1	Q8IU57	late-early	22	2.871869545454545	3.0521077272727273	-0.18023818181818177	-1.2049452064179489	21	0.24162827345567806	0.3960523579950212	
CVD3	OID_gisby_00253	MMP-3	P08254	late-early	22	7.060812727272727	6.912763181818182	0.1480495454545454	1.1994546916278073	21	0.24370998778017783	0.39796836955864245	
IR	OID_gisby_00354	TPSAB1	Q15661	late-early	22	5.00648	5.051665	-0.04518499999999997	-1.1795147699575574	21	0.25138381221064354	0.4089676944919425	
CVD2	OID_gisby_00176	HAOX1	Q9UJM8	late-early	22	6.325474545454545	5.755916818181819	0.5695577272727274	1.1641063043766273	21	0.2574365121127653	0.4172576924950397	
CM	OID_gisby_00013	CDH1	P12830	late-early	22	4.488099090909091	4.409021363636362	0.07907772727272731	1.1475719260512738	21	0.2640513978806829	0.4263941091702879	
CM	OID_gisby_00053	CRTAC1	Q9NQ79	late-early	22	2.7615113636363637	2.6585095454545455	0.10300181818181818	1.1349899547408961	21	0.2691686890055216	0.43305368415648493	
CM	OID_gisby_00064	TIE1	P35590	late-early	22	1.8555286363636363	1.8021540909090914	0.053374545454545445	1.1289870549975352	21	0.27163574280993696	0.4354161171512225	
In	OID_gisby_00268	GDNF	P39905	late-early	22	2.4715731818181816	2.583787272727273	-0.1122140909090909	-1.1193612634314012	21	0.2756263215692518	0.4377321167983118	
CM	OID_gisby_00067	GP1BA	P07359	late-early	22	6.1881722727272725	6.087063636363637	0.10110863636363651	1.1186538147337644	21	0.27592129390248066	0.4377321167983118	
CM	OID_gisby_00012	IGFBP6	P24592	late-early	22	9.03201681818182	9.129347727272728	-0.09733090909090893	-1.1182434436522437	21	0.27609250486132053	0.4377321167983118	
CVD2	OID_gisby_00122	FGF-23	Q9GZV9	late-early	22	8.233200454545456	8.017280454545455	0.21592000000000008	1.1093504203043585	21	0.279821867473359	0.4388573173323185	
In	OID_gisby_00282	IL-20RA	Q9UHF4	late-early	22	1.0524963636363636	1.1245731818181819	-0.0720768181818182	-1.1133384913243127	21	0.2781449179046811	0.4388573173323185	
CM	OID_gisby_00084	IGLC2	P0DOY2	late-early	22	8.677003636363635	8.707356363636364	-0.03035272727272749	-1.110777801749757	21	0.2792208208032323	0.4388573173323185	
CM	OID_gisby_00041	CFHR5	Q9BXR6	late-early	22	7.885891363636362	8.013952727272727	-0.12806136363636364	-1.08120688963548	21	0.29186564241688195	0.45269825037697975	
IR	OID_gisby_00424	LAMP3	Q9UQV4	late-early	22	5.9387681818181814	6.050953181818182	-0.11218500000000012	-1.0824436823736168	21	0.29132863059782177	0.45269825037697975	
CM	OID_gisby_00033	TIMP1	P01033	late-early	22	6.060160909090908	6.146386818181818	-0.08622590909090899	-1.0859255908163108	21	0.2898206239167149	0.45269825037697975	
CM	OID_gisby_00080	KIT	P10721	late-early	22	3.5018140909090905	3.579853181818182	-0.07803909090909081	-1.0790583112408567	21	0.2928002445098814	0.45269825037697975	
In	OID_gisby_00347	TNFB	P01374	late-early	22	4.542248181818182	4.626405454545455	-0.0841572727272727	-1.07146932100651	21	0.29611859271565555	0.4562109767633421	
CVD3	OID_gisby_00178	LDL receptor	P01130	late-early	22	4.475218181818181	4.624061818181818	-0.14884363636363632	-1.0610368338474152	21	0.3007242169606337	0.46070785924432267	
CVD2	OID_gisby_00120	SOD2	P04179	late-early	22	10.18077409090909	10.151691818181819	0.02908227272727276	1.0600764002900334	21	0.30115077955190817	0.46070785924432267	
IR	OID_gisby_00385	NFATC3	Q12968	late-early	22	1.212144090909091	1.0646131818181819	0.1475309090909091	1.0539018267212013	21	0.3039034485098795	0.46329336905701907	
IR	OID_gisby_00372	CDSN	Q15517	late-early	22	5.087489545454546	5.140938181818182	-0.05344863636363637	-1.0483927125644104	21	0.30637454425860033	0.46543310556358797	
CVD2	OID_gisby_00165	CTSL1	P07711	late-early	22	8.564306818181818	8.657756363636361	-0.0934495454545456	-1.0421806130015616	21	0.3091780552226151	0.4680612224897923	
CVD2	OID_gisby_00161	BNP	P16860	late-early	22	6.3448663636363625	6.01910090909091	0.32576545454545436	1.019557157143947	21	0.31954143070019114	0.4730717421409737	
CVD3	OID_gisby_00261	PECAM-1	P16284	late-early	22	4.699178636363636	4.552972727272727	0.14620590909090914	1.0196689876185934	21	0.3194896102581408	0.4730717421409737	
IR	OID_gisby_00399	CLEC4D	Q8WXI8	late-early	22	6.510976818181818	6.611438636363635	-0.10046181818181822	-1.018389309794023	21	0.32008294479721844	0.4730717421409737	
CVD2	OID_gisby_00141	SORT1	Q99523	late-early	22	8.647278636363636	8.718826818181817	-0.07154818181818166	-1.022249598016329	21	0.3182954351981353	0.4730717421409737	
CVD3	OID_gisby_00250	COL1A1	P02452	late-early	22	3.154604090909091	3.0967377272727274	0.05786636363636364	1.0213188755917681	21	0.3187257640942316	0.4730717421409737	
In	OID_gisby_00265	VEGFA	P15692	late-early	22	13.203899545454545	13.254684545454547	-0.05078500000000006	-1.0247939222768299	21	0.3171211253092159	0.4730717421409737	
CM	OID_gisby_00005	ENG	P17813	late-early	22	1.750515	1.8012686363636363	-0.05075363636363636	-1.0220423672876149	21	0.31839121507011026	0.4730717421409737	
CVD2	OID_gisby_00098	SRC	P12931	late-early	22	7.641790454545452	7.4751709090909095	0.1666195454545454	0.9881359091491612	21	0.334335455405371	0.4898046255712131	
CVD2	OID_gisby_00130	REN	P00797	late-early	22	6.226753636363637	6.383422272727273	-0.15666863636363643	-0.9859485388412849	21	0.3353827074426947	0.4898046255712131	
CVD3	OID_gisby_00220	Ep-CAM	P16422	late-early	22	4.937494545454546	4.781250454545455	0.15624409090909097	0.98660639790581	21	0.3350675047977125	0.4898046255712131	
CVD3	OID_gisby_00193	LTBR	P36941	late-early	22	6.088300000000001	6.038031363636364	0.050268636363636314	0.9848737283934198	21	0.33589812625181814	0.4898046255712131	
In	OID_gisby_00326	SIRT2	Q8IXJ6	late-early	22	5.586144545454545	5.864363636363637	-0.2782190909090909	-0.9805241764567096	21	0.3379895098391539	0.49121142096623693	
IR	OID_gisby_00353	IRAK4	Q9NWZ3	late-early	22	3.5090818181818175	3.801645454545454	-0.2925636363636363	-0.9518893704810029	21	0.3519814912946504	0.5081934164606017	
CM	OID_gisby_00037	CD46	P15529	late-early	22	5.025980454545455	4.98647590909091	0.039504545454545396	0.9518408461186548	21	0.3520055315850956	0.5081934164606017	
In	OID_gisby_00342	TWEAK	O43508	late-early	22	9.142561363636363	9.467245454545452	-0.3246840909090907	-0.9298255247977302	21	0.3630275293189107	0.5209605639346108	
CM	OID_gisby_00044	MEGF9	Q9H1U4	late-early	22	3.518660909090909	3.574847727272727	-0.05618681818181814	-0.9294084394542445	21	0.3632385583397286	0.5209605639346108	
In	OID_gisby_00290	CCL4	P13236	late-early	22	6.531885	6.413728181818181	0.11815681818181814	0.9097464172625748	21	0.373280161602322	0.5328535825212324	
IR	OID_gisby_00359	EDAR	Q9UNE0	late-early	22	4.1296740909090905	4.188738636363637	-0.05906454545454538	-0.9083985606220771	21	0.3739752207603144	0.5328535825212324	
CVD2	OID_gisby_00169	LEP	P41159	late-early	22	6.98375681818182	6.758159090909092	0.22559772727272734	0.8889312790467978	21	0.38410972060357773	0.5455108735607814	
IR	OID_gisby_00411	FAM3B	P58499	late-early	22	6.013148181818182	5.961667727272727	0.05148045454545456	0.8475238848493578	21	0.406259328877947	0.5745367674762464	
CVD2	OID_gisby_00166	hOSCAR	Q8IYS5	late-early	22	11.078841363636364	11.102320454545454	-0.023479090909091112	-0.8458288457757228	21	0.4071831677755966	0.5745367674762464	
In	OID_gisby_00288	IL2	P60568	late-early	22	-0.007653181818181812	0.06606272727272727	-0.07371590909090907	-0.8402832209347181	21	0.4102150532336857	0.5769476232576999	
CM	OID_gisby_00045	ANG	P03950	late-early	22	7.75847409090909	7.682507272727273	0.07596681818181814	0.8364055918223194	21	0.4123435457961122	0.5780764822093406	
CVD2	OID_gisby_00102	IDUA	P35475	late-early	22	5.459866818181819	5.5314227272727265	-0.07155590909090902	-0.8330883740162202	21	0.4141699837473034	0.578776002928924	
In	OID_gisby_00313	IL-24	Q13007	late-early	20	0.9626664999999999	1.0803539999999998	-0.11768749999999999	-0.8281556699229108	19	0.41786403782524006	0.5802188550694416	
IR	OID_gisby_00405	KLRD1	Q13241	late-early	22	7.584317272727273	7.675898181818183	-0.09158090909090934	-0.8271835574040941	21	0.4174338160337059	0.5802188550694416	
CVD3	OID_gisby_00232	CTSD	P07339	late-early	22	3.116194545454546	3.1862309090909093	-0.07003636363636358	-0.8106039513592751	21	0.42668462179353717	0.5896468737269219	
In	OID_gisby_00270	CD244	Q9BZW8	late-early	22	6.7855218181818175	6.834849090909091	-0.049327272727272546	-0.8094046221804285	21	0.42735874334336543	0.5896468737269219	
IR	OID_gisby_00366	FGF2	P09038	late-early	22	0.79101	0.9496813636363636	-0.15867136363636367	-0.798838613258886	21	0.43332642028113866	0.590919411958448	
CVD3	OID_gisby_00234	CPA1	P15085	late-early	22	6.1741068181818175	6.022123636363636	0.15198318181818185	0.8005500131894078	21	0.4323563265295234	0.590919411958448	
CVD3	OID_gisby_00203	TR	P02786	late-early	22	5.512109090909091	5.643234545454545	-0.13112545454545452	-0.8002970353441241	21	0.4324996400337666	0.590919411958448	
CVD2	OID_gisby_00107	TIE2	Q02763	late-early	22	7.475272272727272	7.428493636363634	0.0467786363636363	0.7981761042385371	21	0.43370232070344805	0.590919411958448	
CVD2	OID_gisby_00168	TGM2	P21980	late-early	22	8.38178	8.472699545454544	-0.09091954545454546	-0.7953317571947298	21	0.435318468863672	0.5912736835656105	
CVD3	OID_gisby_00256	KLK6	Q92876	late-early	22	5.254551818181818	5.340654545454545	-0.08610272727272736	-0.7837533935218376	21	0.44193562950083365	0.5983973119949176	
CVD3	OID_gisby_00200	TFPI	P10646	late-early	22	9.69787409090909	9.828508636363635	-0.1306345454545454	-0.7789636937864641	21	0.44469096561197174	0.600263965965386	
CVD2	OID_gisby_00093	CD40-L	P29965	late-early	22	5.2333372727272724	5.456855	-0.22351772727272748	-0.7755821905962198	21	0.4466425353486674	0.6005253254566729	
In	OID_gisby_00335	LIF	P15018	late-early	22	-0.037775454545454536	-0.19965681818181819	0.1618813636363636	0.7738585837984253	21	0.44763929076472175	0.6005253254566729	
CVD2	OID_gisby_00172	CD4	P01730	late-early	22	6.417846818181818	6.469944999999999	-0.05209818181818182	-0.7702292960153982	21	0.449742523967843	0.6014961363496305	
CM	OID_gisby_00071	DEFA1	P59665	late-early	22	3.407447727272727	3.5132440909090907	-0.10579636363636367	-0.745064472126818	21	0.464490416213698	0.6192776046208902	
CVD2	OID_gisby_00148	IgG Fc receptor II-b	P31994	late-early	22	3.5465068181818182	3.6031750000000002	-0.056668181818181826	-0.7427206731906645	21	0.4658785649441559	0.6192776046208902	
CM	OID_gisby_00072	CD59	P13987	late-early	22	4.5533754545454554	4.610707272727273	-0.0573318181818182	-0.7318545095580419	21	0.47234641536549704	0.6259666781135462	
CVD2	OID_gisby_00110	PDGF subunit B	P01127	late-early	22	8.970842272727275	8.767248636363634	0.20359363636363623	0.7111366205623492	21	0.4848242125419775	0.6405556262675823	
IR	OID_gisby_00420	DAPP1	Q9UN19	late-early	22	4.917792727272727	5.1791504545454545	-0.2613577272727273	-0.6884450115684311	21	0.49870805164427967	0.6414062257135869	
CVD2	OID_gisby_00124	GH	P01241	late-early	22	9.183136818181822	8.962731818181819	0.22040499999999968	0.696971489030864	21	0.49346468060514415	0.6414062257135869	
IR	OID_gisby_00352	ZBTB16	Q05516	late-early	22	2.9754181818181817	3.1680322727272734	-0.19261409090909093	-0.7014509500123552	21	0.4907227626749	0.6414062257135869	
IR	OID_gisby_00388	EIF4G1	Q04637	late-early	22	5.870992727272727	6.028670909090909	-0.15767818181818186	-0.6971288174034438	21	0.49336822959805327	0.6414062257135869	
IR	OID_gisby_00412	SH2D1A	O60880	late-early	22	3.6280004545454547	3.5316931818181816	0.09630727272727274	0.6888585548748043	21	0.4984530112556318	0.6414062257135869	
CVD3	OID_gisby_00235	JAM-A	Q9Y624	late-early	22	7.813183181818181	7.751174090909092	0.06200909090909088	0.6947865577118185	21	0.4948052836096415	0.6414062257135869	
CM	OID_gisby_00075	LILRB2	Q8N423	late-early	22	4.406275	4.449091818181818	-0.04281681818181828	-0.7019433130553691	21	0.4904219195016528	0.6414062257135869	
CM	OID_gisby_00076	UMOD	P07911	late-early	22	0.7256259090909091	0.7649190909090909	-0.039293181818181824	-0.6926043160898501	21	0.49614631819403354	0.6414062257135869	
CVD2	OID_gisby_00092	ADM	P35318	late-early	22	9.656089999999999	9.681705909090908	-0.02561590909090906	-0.6942559784092086	21	0.49513114472240805	0.6414062257135869	
In	OID_gisby_00343	CCL20	P78556	late-early	22	8.80449409090909	8.981262727272727	-0.17676863636363624	-0.6757929024277978	21	0.5065467156992174	0.645552940874668	
CVD3	OID_gisby_00239	CCL15	Q16663	late-early	22	10.046032272727272	9.974836818181817	0.07119545454545463	0.6736925059273259	21	0.5078547218348879	0.645552940874668	
CVD3	OID_gisby_00191	BLM hydrolase	Q13867	late-early	22	3.2430877272727274	3.3109668181818184	-0.06787909090909093	-0.6772243354005678	21	0.5056563913471375	0.645552940874668	
In	OID_gisby_00316	MMP-10	P09238	late-early	22	10.751338636363636	10.80623818181818	-0.0548995454545455	-0.6766097650426428	21	0.5060385342451714	0.645552940874668	
CM	OID_gisby_00014	CCL5	P13501	late-early	22	4.168047727272727	3.9922977272727276	0.17575	0.6568446243501496	21	0.5184150833960355	0.6551564532193376	
CVD3	OID_gisby_00257	PDGF subunit A	P04085	late-early	22	2.324733181818182	2.1977236363636363	0.12700954545454549	0.6586994346905388	21	0.5172465373388873	0.6551564532193376	
CM	OID_gisby_00082	AOC3	Q16853	late-early	22	3.4119568181818183	3.4603595454545455	-0.04840272727272723	-0.6366480687289097	21	0.5312332722367996	0.6655681226874846	
CVD2	OID_gisby_00094	PGF	P49763	late-early	22	10.613803636363638	10.660522272727274	-0.04671863636363647	-0.6389676686354266	21	0.5297523641948623	0.6655681226874846	
CVD2	OID_gisby_00127	CD84	Q9UIB8	late-early	22	5.280919090909091	5.248055909090909	0.03286318181818179	0.6385601804670387	21	0.5300123548307527	0.6655681226874846	
In	OID_gisby_00283	CXCL9	Q07325	late-early	22	10.057353181818183	9.986271818181818	0.07108136363636368	0.6311008373555188	21	0.534783918777954	0.6680968154360686	
CM	OID_gisby_00052	CES1	P23141	late-early	22	2.750954090909091	2.6353500000000007	0.11560409090909095	0.6203011093871958	21	0.5417332285175913	0.6748448218104852	
IR	OID_gisby_00401	MGMT	P16455	late-early	22	5.330975454545456	5.1941	0.13687545454545458	0.6034596025899654	21	0.552665974266342	0.6865024637610402	
CVD2	OID_gisby_00159	MARCO	Q9UEW3	late-early	22	6.833689545454547	6.806092727272727	0.02759681818181817	0.6004007384656636	21	0.5546640484019356	0.6870270599523974	
CVD3	OID_gisby_00251	PON3	Q15166	late-early	22	3.9615181818181813	4.0275527272727265	-0.06603454545454537	-0.5945391981572665	21	0.558503413011127	0.689822912387681	
CM	OID_gisby_00026	IL7R	P16871	late-early	22	2.041152272727273	1.9828849999999998	0.058267272727272786	0.5678183243523055	21	0.5761795528880091	0.7096448730485084	
CM	OID_gisby_00036	SOD1	P00441	late-early	22	2.0861868181818184	2.1305949999999996	-0.04440818181818185	-0.5652858868435247	21	0.5778693853997865	0.7097212733360758	
IR	OID_gisby_00368	DPP10	Q8N608	late-early	22	1.2028822727272728	1.148958181818182	0.05392409090909092	0.5538013490429335	21	0.5855639776256334	0.7157028251120283	
In	OID_gisby_00297	IL-10RA	Q13651	late-early	22	1.1606595454545452	1.1141595454545454	0.046499999999999986	0.5515779663543738	21	0.5870595135739907	0.7157028251120283	
CM	OID_gisby_00047	DPP4	P27487	late-early	22	4.60900909090909	4.643621818181819	-0.03461272727272724	-0.5506797220641177	21	0.587664246307583	0.7157028251120283	
IR	OID_gisby_00423	MASP1	P48740	late-early	22	1.6964113636363636	1.726123181818182	-0.029711818181818127	-0.5453313973061148	21	0.5912713307581132	0.7180899727313018	
CM	OID_gisby_00085	PLA2G7	Q13093	late-early	22	1.9578559090909093	1.9029672727272726	0.05488863636363644	0.5380733715301442	21	0.5961837733161364	0.7220447921273206	
IR	OID_gisby_00429	TANK	Q92844	late-early	22	2.3295654545454543	2.440561818181818	-0.11099636363636364	-0.5253048776155824	21	0.6048739622464423	0.7285222307719581	
In	OID_gisby_00284	CST5	P28325	late-early	22	8.763724999999999	8.698664999999998	0.0650599999999999	0.5259944610902816	21	0.6044030802785965	0.7285222307719581	
IR	OID_gisby_00403	CXADR	P78310	late-early	22	5.47955	5.4515400000000005	0.02801000000000005	0.5135305740406997	21	0.6129411322467302	0.7362047759216924	
CVD2	OID_gisby_00133	KIM1	Q96D42	late-early	22	10.156577272727272	10.121095454545456	0.03548181818181793	0.4981381593431209	21	0.6235634747335221	0.7469057005049881	
CVD2	OID_gisby_00091	ANGPT1	Q15389	late-early	22	7.398647727272728	7.294812272727273	0.10383545454545452	0.4889211525820912	21	0.6299648010534045	0.7484050497528184	
IR	OID_gisby_00395	FCRL3	Q96P31	late-early	22	0.7613640909090909	0.7936354545454546	-0.03227136363636362	-0.48945430110744476	21	0.6295937026768388	0.7484050497528184	
CVD2	OID_gisby_00108	TF	P13726	late-early	22	7.141164545454546	7.164784090909092	-0.023619545454545424	-0.4926866711184485	21	0.6273459595826434	0.7484050497528184	
CVD3	OID_gisby_00245	SCGB3A2	Q96PL1	late-early	22	4.387524090909092	4.317378636363636	0.07014545454545452	0.48606689512366136	21	0.6319532111762238	0.7487271741109609	
CM	OID_gisby_00042	SPARCL1	Q14515	late-early	22	4.083759545454546	4.118334090909091	-0.03457454545454539	-0.46048992792197185	21	0.6498974919269007	0.7679005595667445	
CVD2	OID_gisby_00131	DECR1	Q16698	late-early	22	7.253184545454547	7.394913181818182	-0.14172863636363628	-0.44678088638656466	21	0.6596068508125623	0.7752971289492916	
CVD3	OID_gisby_00246	EGFR	P00533	late-early	22	1.8215295454545455	1.8407322727272721	-0.019202727272727236	-0.44663031115587476	21	0.6597138413765762	0.7752971289492916	
CM	OID_gisby_00001	CA1	P00915	late-early	22	6.178918636363636	6.251299090909091	-0.07238045454545462	-0.44091320171087794	21	0.6637816145448161	0.7779806019933866	
IR	OID_gisby_00418	AREG	P15514	late-early	22	5.2652945454545454	5.3185068181818185	-0.053212272727272844	-0.4332171734671597	21	0.6692742153717308	0.7823151686382699	
IR	OID_gisby_00393	PLXNA4	Q9HCM2	late-early	22	5.983014090909091	5.864330909090907	0.11868318181818177	0.406556682210648	21	0.6884471905574099	0.7947620838248606	
CVD3	OID_gisby_00260	vWF	P04275	late-early	22	6.844868636363637	6.925756818181819	-0.08088818181818169	-0.4057415832414506	21	0.6890368524903607	0.7947620838248606	
IR	OID_gisby_00384	EGLN1	Q9GZT9	late-early	22	2.014858181818182	2.0786963636363636	-0.06383818181818185	-0.41207200411337663	21	0.6844626284519548	0.7947620838248606	
CVD3	OID_gisby_00233	PGLYRP1	O75594	late-early	22	9.550274545454544	9.508651818181818	0.04162272727272724	0.40731851655469486	21	0.6878962451151929	0.7947620838248606	
CM	OID_gisby_00074	OSMR	Q99650	late-early	22	0.6237386363636364	0.6448122727272726	-0.02107363636363635	-0.4131709365754829	21	0.6836698209534102	0.7947620838248606	
IR	OID_gisby_00383	MILR1	Q7Z6M3	late-early	22	5.0582922727272726	5.083278181818183	-0.02498590909090909	-0.3920767745005929	21	0.6989522290946191	0.8040716936286383	
CVD2	OID_gisby_00170	CA5A	P35218	late-early	22	5.148738636363637	5.049574090909091	0.09916454545454552	0.36871940898808436	21	0.7160280635098055	0.821547988658619	
CVD2	OID_gisby_00173	NEMO	Q9Y6K9	late-early	22	7.995477727272726	8.096953636363637	-0.10147590909090919	-0.3601275560337759	21	0.7223484152901141	0.8266244332453798	
IR	OID_gisby_00380	ITM2A	O43736	late-early	22	4.180183636363636	4.143733181818182	0.036450454545454376	0.3571360434281875	21	0.7245538441222159	0.826977685961482	
CM	OID_gisby_00086	TNXB	P22105	late-early	22	1.60996	1.6258995454545457	-0.015939545454545446	-0.35293328652348044	21	0.7276563800250342	0.8283503438405089	
In	OID_gisby_00280	AXIN1	O15169	late-early	22	5.166076818181819	5.054811363636364	0.11126545454545464	0.3412021231466714	21	0.7363417181328327	0.8338830885867923	
CM	OID_gisby_00049	QPCT	Q16769	late-early	22	0.9914154545454544	0.9736636363636364	0.01775181818181819	0.34231745443838596	21	0.7355143880259953	0.8338830885867923	
CVD2	OID_gisby_00117	SCF	P21583	late-early	22	9.47702227272727	9.443721363636365	0.033300909090909124	0.3347947764691172	21	0.7411008854086067	0.8370984094252657	
IR	OID_gisby_00375	TRAF2	Q12933	late-early	22	2.6817190909090916	2.7408736363636366	-0.0591545454545454	-0.31464021488166655	21	0.7561396391032975	0.8518782497391156	
CM	OID_gisby_00063	FAP	Q12884	late-early	22	1.3914300000000002	1.4101695454545458	-0.01873954545454545	-0.2997773578659579	21	0.767294107207801	0.8622170895427868	
IR	OID_gisby_00362	IRAK1	P51617	late-early	22	3.897758636363636	3.9393250000000006	-0.04156636363636366	-0.2849359736423571	21	0.7784843121415697	0.8725428280044328	
CM	OID_gisby_00003	CHL1	O00533	late-early	22	3.5079000000000007	3.5266677272727276	-0.018767727272727353	-0.2813526879239734	21	0.7811935674864903	0.8733343472413071	
CVD3	OID_gisby_00211	CXCL16	Q9H2A7	late-early	22	6.565912727272728	6.543216363636362	0.022696363636363678	0.2753331261039432	21	0.7857512490081144	0.8761238729727967	
CVD3	OID_gisby_00208	DLK-1	P80370	late-early	22	8.497333181818181	8.48110090909091	0.016232272727272953	0.272752343199461	21	0.7877077023058172	0.8761238729727967	
CVD3	OID_gisby_00240	CASP-3	P42574	late-early	22	7.81899318181818	7.740367727272727	0.07862545454545442	0.2678419670408206	21	0.7914341468182151	0.8777210433553295	
IR	OID_gisby_00370	DCTN1	Q14203	late-early	22	4.941493636363637	4.989344090909091	-0.047850454545454536	-0.2629087839874276	21	0.7951830553333834	0.8777210433553295	
In	OID_gisby_00278	IL-17A	Q16552	late-early	22	2.083614545454545	2.1232290909090907	-0.03961454545454544	-0.2655422603541015	21	0.7931811413659677	0.8777210433553295	
CVD2	OID_gisby_00126	GLO1	Q04760	late-early	22	6.793960909090909	6.750474999999998	0.043485909090909255	0.25468098683899354	21	0.8014469225427905	0.8824011571430723	
In	OID_gisby_00286	IL-1 alpha	P01583	late-early	22	-1.1798481818181819	-1.154849090909091	-0.024999090909090926	-0.2472172943023193	21	0.8071409545106429	0.886431879512948	
In	OID_gisby_00309	CXCL5	P42830	late-early	22	10.008308636363637	9.915050454545453	0.09325818181818178	0.23545752271392523	21	0.816134623403713	0.8940570246332132	
IR	OID_gisby_00349	PPP1R9B	Q96SB3	late-early	22	4.2004768181818175	4.251430454545453	-0.05095363636363636	-0.22348218695383895	21	0.8253199224432799	0.9006709612161408	
CVD2	OID_gisby_00156	GDF-2	Q9UK05	late-early	22	8.14986909090909	8.11848318181818	0.031385909090909075	0.22220168751768554	21	0.8263036341432484	0.9006709612161408	
CVD3	OID_gisby_00236	Gal-4	P56470	late-early	22	5.098427727272729	5.133258636363636	-0.03483090909090907	-0.2075314673146757	21	0.8375941445497008	0.9107008653956847	
In	OID_gisby_00289	TSLP	Q969D9	late-early	22	0.9814231818181818	0.9539772727272727	0.0274459090909091	0.19739528419781088	21	0.845416336751404	0.9169192110040104	
CVD2	OID_gisby_00100	TNFRSF10A	O00220	late-early	22	5.840743181818181	5.860238636363635	-0.019495454545454448	-0.19271137513173658	21	0.849036538541623	0.918560622342798	
CM	OID_gisby_00062	TIMD4	Q96H15	late-early	22	5.956405454545453	5.93949	0.01691545454545446	0.18936306582368492	21	0.8516265530741831	0.9190821216345144	
In	OID_gisby_00319	CCL23	P55773	late-early	22	11.168245	11.190249545454543	-0.022004545454545766	-0.18287415288399653	21	0.8566507807422841	0.9222215812435453	
CVD3	OID_gisby_00262	MEPE	Q9NQ76	late-early	22	6.451705454545455	6.465482272727272	-0.013776818181818225	-0.17808898590315364	21	0.8603598433991901	0.92393323084248	
CVD2	OID_gisby_00174	VEGFD	O43915	late-early	22	8.096146818181817	8.089185454545456	0.006961363636363804	0.1734990958045931	21	0.8639206528567578	0.9254776526917603	
IR	OID_gisby_00386	LY75	O60449	late-early	22	2.6927004545454545	2.7012663636363636	-0.008565909090909131	-0.16833140110553513	21	0.8679332673972604	0.9274973151598175	
CVD3	OID_gisby_00247	IGFBP-7	Q16270	late-early	22	9.93102818181818	9.953680454545452	-0.02265227272727274	-0.15794515115733462	21	0.8760089284694792	0.9315607141772998	
CVD3	OID_gisby_00254	RARRES2	Q99969	late-early	22	11.536422272727272	11.530039545454542	0.006382727272727141	0.15861217659823493	21	0.8754898672592253	0.9315607141772998	
CVD3	OID_gisby_00241	CPB1	P15086	late-early	22	6.605311363636364	6.632134090909092	-0.026822727272727356	-0.14099925771019164	21	0.8892143174232232	0.9324760738934408	
CM	OID_gisby_00051	FETUB	Q9UGM5	late-early	22	1.694155	1.6761181818181818	0.018036818181818227	0.15258402446738553	21	0.8801828709494175	0.9324760738934408	
CM	OID_gisby_00048	REG1A	P05451	late-early	22	10.885504090909091	10.903253636363633	-0.017749545454545282	-0.14037435227371528	21	0.8897019420634664	0.9324760738934408	
IR	OID_gisby_00374	FXYD5	Q96DB9	late-early	22	1.5717613636363632	1.5893050000000002	-0.01754363636363635	-0.1405970505508025	21	0.8895281615586161	0.9324760738934408	
In	OID_gisby_00345	IL5	P05113	late-early	22	0.6036895454545456	0.5879659090909091	0.015723636363636384	0.14241457380915798	21	0.8881100880739976	0.9324760738934408	
In	OID_gisby_00328	DNER	Q8NFT8	late-early	22	8.683992272727274	8.674918636363635	0.009073636363636258	0.1440225690579974	21	0.8868558132550901	0.9324760738934408	
CVD2	OID_gisby_00101	STK4	Q13043	late-early	22	4.9373949999999995	4.965250000000001	-0.027854999999999984	-0.1312667190345445	21	0.8968137687136046	0.937675786952354	
CVD2	OID_gisby_00157	FABP2	P12104	late-early	22	9.374311363636364	9.402764090909091	-0.028452727272727317	-0.12755074012025644	21	0.8997180367317652	0.9379703432990334	
CVD3	OID_gisby_00216	TR-AP	P13686	late-early	22	5.285826363636364	5.298174090909091	-0.012347727272727321	-0.12300520093299035	21	0.9032726132962601	0.9379703432990334	
In	OID_gisby_00285	IL-2RB	P14784	late-early	22	0.3507131818181818	0.3600422727272727	-0.009329090909090903	-0.12265134618059499	21	0.903549413269711	0.9379703432990334	
CVD2	OID_gisby_00152	LPL	P06858	late-early	22	10.976907272727276	10.982068636363636	-0.005161363636363719	-0.11036698433885522	21	0.9131663025693002	0.9457019190503916	
In	OID_gisby_00287	OSM	P13725	late-early	22	4.989695454545455	5.010339090909091	-0.020643636363636298	-0.10410427165229241	21	0.9180744581369533	0.9485319046154304	
In	OID_gisby_00334	IL4	P05112	late-early	22	-0.3311677272727273	-0.33987954545454546	0.008711818181818175	0.0810698425518835	21	0.9361540918091764	0.9647591091614329	
In	OID_gisby_00273	LAP TGF-beta-1	P01137	late-early	22	6.92058	6.9286009090909095	-0.008020909090909195	-0.07845854828787283	21	0.9382061061569897	0.9647591091614329	
In	OID_gisby_00294	TGF-alpha	P01135	late-early	22	4.444632272727273	4.451696818181818	-0.00706454545454547	-0.06992744896421528	21	0.9449130304029452	0.9678329228048075	
CM	OID_gisby_00011	FCGR3B	O75015	late-early	22	3.957726363636363	3.952616818181818	0.00510954545454546	0.06900954624959978	21	0.9456349199881835	0.9678329228048075	
IR	OID_gisby_00387	EIF5A	P63241	late-early	22	0.1608209090909091	0.15757863636363637	0.00324227272727273	0.04695236521740771	21	0.9629948493918659	0.9832921647186266	
IR	OID_gisby_00394	SH2B3	Q9UQQ2	late-early	22	5.13856090909091	5.12855	0.010010909090908989	0.03327774815507896	21	0.9737673718954079	0.9858214570339642	
CVD3	OID_gisby_00255	ICAM-2	P13598	late-early	22	5.709432727272728	5.707324090909091	0.0021086363636363503	0.03490468726621648	21	0.972485399404694	0.9858214570339642	
IR	OID_gisby_00378	NTF4	P34130	late-early	22	2.292352272727273	2.2943890909090907	-0.002036818181818122	-0.03232750479332301	21	0.9745161650955012	0.9858214570339642	
CVD2	OID_gisby_00138	PRELP	P51888	late-early	22	8.796290909090906	8.79723681818182	-0.0009459090909090503	-0.03462491534604584	21	0.9727058447982313	0.9858214570339642	
CVD2	OID_gisby_00149	ITGB1BP2	Q9UKP3	late-early	22	5.430478181818182	5.4210531818181815	0.009424999999999996	0.028078339355083106	21	0.9778647986352413	0.9869191023263084	
In	OID_gisby_00344	ST1A1	P50225	late-early	22	3.0392163636363634	3.044824090909091	-0.005607727272727292	-0.023930142973034713	21	0.981134265881177	0.9875895983411215	
CVD3	OID_gisby_00209	SPON1	Q9HCB6	late-early	22	1.9430790909090911	1.9468290909090904	-0.003750000000000021	-0.021487837412468496	21	0.9830593708257953	0.9875895983411215	
CVD2	OID_gisby_00106	PRSS27	Q9BQR3	late-early	22	9.889611818181814	9.888734545454545	0.0008772727272729435	0.008026586655548599	21	0.993671542743755	0.9944883464677402	
CVD2	OID_gisby_00137	AMBP	P02760	late-early	22	8.33781909090909	8.338040454545455	-0.00022136363636333039	-0.006990589132199702	21	0.9944883464677403	0.9944883464677402	
