comparison	panel	gene_symbol	paired_t_mean_diff	paired_t_bh_q	lmm_beta	lmm_p_value	lmm_converged	n_pairs	sign_concordant
PT1-PR1	Neurology	CALCA	0.7087111111111111	0.000955154033122	0.7087111111111115	1.8284364132339588e-59	True	9	True
PT1-PR1	Neurology_II	FGFBP3	0.43273	0.0011507739646821	0.43272999999999984	1.5670929106973227e-36	True	10	True
PT1-PR1	Inflammation	ANGPTL4	0.56794	0.0056403393363249	0.5679399999999999	7.367708290050539e-23	True	10	True
PT1-PR1	Inflammation	CRIM1	0.3629699999999999	0.0056403393363249	0.36297000000000007	7.227505700622987e-22	True	10	True
PT1-PR1	Neurology	MYOC	-0.79078	0.0068221415408626	-0.7907800000000001	4.0271554784517963e-19	True	10	True
PT1-PR1	Neurology	OBP2B	0.7474222222222223	0.0068221415408626	0.7474222222222222	3.338430697417814e-23	True	9	True
PT1-PR1	Neurology	TIMP4	0.4735699999999999	0.0088005815590139	0.47357000000000005	2.065743707669214e-17	True	10	True
PT1-PR1	Inflammation	CXCL17	0.4407	0.0089095424930258	0.4406999999999999	7.658958907992866e-17	True	10	True
PT1-PR1	Neurology	PRL	2.03595	0.0089626180442637	2.0359500000000006	2.2538372357113777e-16	True	10	True
PT1-PR1	Neurology	MMP3	-0.4098499999999999	0.0107474956163422	-0.4098500000000001	2.4718026758660623e-15	True	10	True
PT1-PR1	Neurology_II	PRND	0.1714	0.0123302683531032	0.17139999999999997	1.5562722141043967e-14	True	10	True
PT1-PR1	Inflammation	CCL13	0.47925	0.0215862438631924	0.47924999999999995	2.349700254434173e-12	True	10	True
PT1-PR1	Inflammation	ESM1	0.26952	0.0215862438631924	0.26952000000000004	2.704551765231874e-12	True	10	True
PT1-PR1	Oncology	MZT1	0.4909199999999999	0.0229895801320342	0.4909199999999999	1.0120523734936602e-11	True	10	True
PT1-PR1	Inflammation	MATN2	0.3214499999999999	0.0229895801320342	0.32144999999999996	6.884263328526114e-12	True	10	True
PT1-PR1	Neurology_II	RBM17	0.64093	0.0238712526418352	0.6409299999999998	1.9062867123303385e-11	True	10	True
PT1-PR1	Cardiometabolic	CST6	0.27103	0.0285342049531156	0.27102999999999994	7.958017214603771e-11	True	10	True
PT1-PR1	Cardiometabolic_II	EDN1	0.7370222222222221	0.0310738527794384	0.7370222222222222	6.044705338429353e-12	True	9	True
PT1-PR1	Oncology	HS6ST1	0.5679399999999999	0.0310738527794384	0.5679399999999997	2.4335896601132923e-10	True	10	True
PT1-PR1	Inflammation_II	CELSR2	0.1956625	0.0349873708489709	0.19566250000000002	2.108494379759539e-13	True	8	True
PT1-PR1	Oncology	ITGB5	0.4542	0.035099753414927	0.45420000000000005	4.267404750899093e-09	True	10	True
PT1-PR1	Cardiometabolic	TNC	0.37021	0.035099753414927	0.37021	3.7062308237720324e-09	True	10	True
PT1-PR1	Oncology	SMOC1	0.3354199999999999	0.035099753414927	0.33542	1.4772117361860377e-09	True	10	True
PT1-PR1	Oncology	KLK10	0.32477	0.035099753414927	0.32476999999999995	2.1304996598510618e-09	True	10	True
PT1-PR1	Inflammation	LAMA4	0.29139	0.035099753414927	0.29139000000000004	1.8066176394526514e-09	True	10	True
PT1-PR1	Oncology_II	PTPRH	0.28773	0.035099753414927	0.28773	3.8856823580094125e-09	True	10	True
PT1-PR1	Neurology	FRZB	0.2558555555555555	0.035099753414927	0.2558555555555555	1.0129506441694906e-10	True	9	True
PT1-PR1	Cardiometabolic	GDF15	0.24853	0.035099753414927	0.24852999999999986	1.7335937342543395e-09	True	10	True
PT1-PR1	Neurology	CTRB1	-0.1770399999999999	0.035099753414927	-0.17704	3.118162166621616e-09	True	10	True
PT1-PR1	Neurology	SUMF2	0.5166700000000001	0.037648076802668	0.5166700000000001	8.3237693749784e-09	True	10	True
PT1-PR1	Neurology	CXCL13	0.38083	0.037648076802668	0.3808299999999999	8.28736516405817e-09	True	10	True
PT1-PR1	Inflammation	FST	0.4465199999999999	0.0401230809167669	0.44651999999999986	1.3105848616507436e-08	True	10	True
PT1-PR1	Neurology	SPOCK1	0.3217999999999999	0.0487169200697867	0.32180000000000003	6.2004826870196354e-09	True	9	True
PT1-PR1	Inflammation	FLT3LG	-0.25764	0.0487169200697867	-0.25764000000000004	4.286208712513703e-08	True	10	True
PT1-PR1	Inflammation	AGER	0.21736	0.0487169200697867	0.21735999999999991	4.803893840817643e-08	True	10	True
PT1-PR1	Inflammation	SCGB3A2	0.15627	0.0487169200697867	0.1562699999999999	5.428337851052815e-08	True	10	True
PT1-PR1	Oncology	AREG	0.1945899999999999	0.0516763031275964	0.19459000000000004	7.915573328155458e-08	True	10	True
PT1-PR1	Neurology	CD8A	0.25347	0.0535158991647083	0.25347000000000003	1.0534479300517368e-07	True	10	True
PT1-PR1	Cardiometabolic	SPP1	0.22632	0.0535158991647083	0.22632000000000005	1.1522385837511819e-07	True	10	True
PT1-PR1	Neurology_II	STXBP1	0.7979499999999999	0.0551925300360938	0.7979499999999998	1.4592461594975913e-07	True	10	True
PT1-PR1	Oncology_II	SLC9A3R2	-0.4782400000000001	0.0685277440295063	-0.4782399999999999	3.909505097844122e-07	True	10	True
PT1-PR1	Inflammation	TNFSF11	-0.6617375	0.0691090095167981	-0.6617375	9.083564159376438e-09	True	8	True
PT1-PR1	Cardiometabolic	PLAT	0.4551599999999999	0.0691090095167981	0.45516000000000006	4.5502905614973037e-07	True	10	True
PT1-PR1	Inflammation	TNFSF13	0.16219	0.0691090095167981	0.16219000000000003	5.098115535639193e-07	True	10	True
PT1-PR1	Neurology_II	HEPACAM2	0.2055499999999999	0.0713602049943572	0.20554999999999995	6.606277799349984e-07	True	10	True
PT1-PR1	Cardiometabolic	MB	-0.39685	0.0753231450323703	-0.3968499999999999	8.842635019322892e-07	True	10	True
PT1-PR1	Neurology_II	CALCB	0.42955	0.0756662599308527	0.42954999999999993	9.761771480495766e-07	True	10	True
PT1-PR1	Cardiometabolic_II	AHNAK2	-0.3166666666666666	0.0812516746221067	-0.3166666666666666	3.4082006898459945e-07	True	9	True
PT1-PR1	Neurology	SPINK5	-0.15252	0.0812516746221067	-0.15252000000000002	1.4890891451240253e-06	True	10	True
PT1-PR1	Oncology_II	NDUFB7	0.6769300000000001	0.0895628822529	0.67693	2.4556722566523113e-06	True	10	True
PT1-PR1	Inflammation	SPON1	0.28697	0.0895628822529	0.28696999999999995	2.396003600286196e-06	True	10	True
PT1-PR1	Oncology	KAZALD1	0.1721	0.0900135973159956	0.17209999999999992	2.6805182319118273e-06	True	10	True
PT1-PR1	Cardiometabolic	PTN	0.45199	0.0912528311280635	0.4519900000000001	3.010971536700661e-06	True	10	True
PT1-PR1	Inflammation	AGRN	0.33364	0.0922304769539108	0.3336400000000001	3.3785476943201394e-06	True	10	True
PT1-PR1	Inflammation	TPP1	0.26891	0.0922304769539108	0.26891	3.5612084630605906e-06	True	10	True
PT1-PR1	Cardiometabolic	GDF2	0.26639	0.0924965613318068	0.26639	3.832900908541843e-06	True	10	True
PT1-PR1	Neurology	CLEC1B	1.0501900000000002	0.0937218578682505	1.05019	4.532848897718202e-06	True	10	True
PT1-PR1	Oncology_II	DNM1	0.93002	0.0937218578682505	0.9300200000000001	4.477175647979056e-06	True	10	True
PT1-PR1	Oncology_II	ADAM9	0.41963	0.0938495735192707	0.41963	5.416358111842343e-06	True	10	True
PT1-PR1	Oncology	ADGRG1	0.37724	0.0938495735192707	0.37724000000000013	5.2532579590523e-06	True	10	True
PT1-PR1	Oncology_II	NCR3LG1	0.27297	0.0938495735192707	0.27297000000000005	5.330497200019093e-06	True	10	True
PT1-PR1	Neurology_II	RGS10	0.49827	0.0940251608322385	0.4982700000000002	5.7624008168208805e-06	True	10	True
PT2-PR2	Cardiometabolic_II	EDN1	0.78592	0.0031768481374858	0.7859200000000002	5.4779925786199205e-34	True	10	True
PT2-PR2	Neurology_II	PTPRR	-0.6805200000000001	0.0148524455637744	-0.68052	6.111138921629657e-17	True	10	True
PT2-PR2	Inflammation	CXCL17	0.6026899999999998	0.0148524455637744	0.6026900000000003	1.4996466954958936e-15	True	10	True
PT2-PR2	Oncology	MOG	-0.5178499999999999	0.0148524455637744	-0.51785	1.9893037079534355e-17	True	10	True
PT2-PR2	Neurology	TIMP4	0.45277	0.0148524455637744	0.45277000000000006	4.449913271393594e-16	True	10	True
PT2-PR2	Oncology	CTSV	0.34042	0.0148524455637744	0.3404199999999999	9.557879593154976e-17	True	10	True
PT2-PR2	Cardiometabolic	SPP1	0.2401999999999999	0.0148524455637744	0.24020000000000005	1.8889918383283687e-15	True	10	True
PT2-PR2	Neurology	PTPRN2	-0.6070888888888889	0.0186238678207446	-0.6070888888888888	9.532596826958097e-17	True	9	True
PT2-PR2	Neurology	CD8A	0.2988	0.0232144244405168	0.2988	5.407724227996559e-13	True	10	True
PT2-PR2	Cardiometabolic	TCN2	0.18367	0.0232144244405168	0.18366999999999992	7.597255706720868e-13	True	10	True
PT2-PR2	Oncology	SMOC1	0.6239299999999999	0.0276934828745765	0.6239299999999997	8.019747229928797e-12	True	10	True
PT2-PR2	Inflammation	IL18	0.2545800000000001	0.0276934828745765	0.25458	7.42844714145875e-12	True	10	True
PT2-PR2	Cardiometabolic	MB	-0.62273	0.0311023383751127	-0.6227299999999999	5.927856350656387e-11	True	10	True
PT2-PR2	Cardiometabolic	NPTXR	-0.4553999999999999	0.0311023383751127	-0.45539999999999997	7.658281305425937e-13	True	9	True
PT2-PR2	Cardiometabolic	GDF15	0.30771	0.0311023383751127	0.3077100000000001	6.328217179817331e-11	True	10	True
PT2-PR2	Cardiometabolic	TNC	0.5945400000000001	0.0319087531075886	0.5945399999999997	1.068411424917891e-10	True	10	True
PT2-PR2	Neurology	PRL	2.43852	0.0358778091860978	2.438519999999999	3.1661428762055183e-10	True	10	True
PT2-PR2	Neurology_II	VAV3	1.7657555555555555	0.0358778091860978	1.7657555555555562	2.1580398880207483e-11	True	9	True
PT2-PR2	Inflammation	DAG1	0.5295799999999999	0.0358778091860978	0.5295799999999998	5.825523860241304e-10	True	10	True
PT2-PR2	Neurology	PECAM1	0.3369899999999999	0.0358778091860978	0.3369900000000001	9.284276683573378e-10	True	10	True
PT2-PR2	Inflammation_II	HMCN2	-0.1986	0.0358778091860978	-0.1986	1.1683811279139352e-09	True	10	True
PT2-PR2	Neurology	PLA2G7	0.1907	0.0358778091860978	0.19069999999999993	1.1616944251442978e-09	True	10	True
PT2-PR2	Oncology_II	STAM	0.94805	0.0363662247798656	0.9480499999999997	1.5873849463945876e-09	True	10	True
PT2-PR2	Neurology_II	FGFBP3	0.44866	0.0363662247798656	0.4486600000000001	1.9663941161629354e-09	True	10	True
PT2-PR2	Cardiometabolic	USP8	0.7990111111111111	0.0385455156287215	0.7990111111111111	3.687983214505316e-10	True	9	True
PT2-PR2	Inflammation	GZMB	0.5713499999999999	0.0385455156287215	0.57135	1.270076929351212e-11	True	8	True
PT2-PR2	Neurology	TXNRD1	0.39865	0.0385455156287215	0.39865000000000006	5.506148866830835e-09	True	10	True
PT2-PR2	Cardiometabolic	C1QTNF1	0.2989	0.0385455156287215	0.2988999999999999	5.540852239104187e-09	True	10	True
PT2-PR2	Neurology	PAMR1	0.26653	0.0385455156287215	0.26652999999999993	7.959571839796279e-09	True	10	True
PT2-PR2	Neurology	SOD2	0.24948	0.0385455156287215	0.24947999999999992	6.19854050294041e-09	True	10	True
PT2-PR2	Cardiometabolic	TFPI	0.21468	0.0396853935392064	0.21467999999999998	1.071274181092864e-08	True	10	True
PT2-PR2	Oncology	MSRA	0.9390444444444443	0.0403234044323988	0.939044444444445	1.4451344043930846e-09	True	9	True
PT2-PR2	Cardiometabolic_II	ITPA	0.9242875000000004	0.0403234044323988	0.9242874999999999	3.8597550876872876e-11	True	8	True
PT2-PR2	Inflammation	MATN2	0.4090000000000001	0.0406330866232787	0.4090000000000001	1.8458579691069934e-08	True	10	True
PT2-PR2	Neurology	MYOC	-0.6511199999999999	0.0406670141265318	-0.6511200000000001	2.1196435253507928e-08	True	10	True
PT2-PR2	Inflammation	NTF3	0.5877749999999999	0.0421855487442997	0.5877749999999999	1.0174859707979085e-10	True	8	True
PT2-PR2	Inflammation	SPON1	0.35155	0.0421855487442997	0.35155000000000003	3.2276975740749834e-08	True	10	True
PT2-PR2	Neurology	SFRP1	0.9442111111111112	0.0509117293570662	0.9442111111111108	1.302534988994599e-08	True	9	True
PT2-PR2	Neurology	SUMF2	0.45914	0.0509117293570662	0.45914	1.0635803994407174e-07	True	10	True
PT2-PR2	Inflammation	FLT3LG	-0.30151	0.0509117293570662	-0.30151000000000006	1.1525233990643912e-07	True	10	True
PT2-PR2	Cardiometabolic	BLMH	0.17914	0.0509117293570662	0.17914	1.0139654423003899e-07	True	10	True
PT2-PR2	Cardiometabolic	GYS1	0.9963333333333334	0.0545371694466871	0.9963333333333332	4.6608768397104044e-08	True	9	True
PT2-PR2	Neurology	IMPA1	0.7854777777777776	0.0545371694466871	0.7854777777777776	3.09633422873333e-08	True	9	True
PT2-PR2	Cardiometabolic_II	CHMP6	0.53389	0.0545371694466871	0.53389	2.8133684762121174e-07	True	10	True
PT2-PR2	Oncology	CNTN2	-0.3405299999999999	0.0545371694466871	-0.3405299999999999	2.839156231199972e-07	True	10	True
PT2-PR2	Oncology	KLK6	-0.3168	0.0545371694466871	-0.3167999999999999	3.083655861476543e-08	True	9	True
PT2-PR2	Inflammation_II	RNASE4	0.2153444444444444	0.0545371694466871	0.21534444444444442	5.1491583207046886e-08	True	9	True
PT2-PR2	Cardiometabolic	COL18A1	0.17851	0.0545371694466871	0.17851000000000003	2.888163253525316e-07	True	10	True
PT2-PR2	Cardiometabolic_II	PMM2	1.3663374999999998	0.057049029353689	1.3663375000000002	5.504837391650974e-09	True	8	True
PT2-PR2	Neurology_II	SCT	-0.8481500000000001	0.0585414149208349	-0.84815	8.154326153440225e-09	True	8	True
PT2-PR2	Cardiometabolic	PEAR1	0.13959	0.0585414149208349	0.13959	4.866931765253572e-07	True	10	True
PT2-PR2	Inflammation	SRPK2	0.696025	0.058956502613756	0.696025	9.52964729156589e-09	True	8	True
PT2-PR2	Cardiometabolic	PPIB	1.11634	0.0605374902239391	1.1163399999999992	6.815571702018296e-07	True	10	True
PT2-PR2	Cardiometabolic	IGFBP7	0.32847	0.0605374902239391	0.32846999999999993	7.075442406930494e-07	True	10	True
PT2-PR2	Cardiometabolic_II	NFX1	1.2797625	0.0606338357492252	1.2797625	1.551880587011073e-08	True	8	True
PT2-PR2	Inflammation_II	ANKMY2	1.27394	0.0616467133221493	1.2739400000000005	8.720359841079642e-07	True	10	True
PT2-PR2	Cardiometabolic	IL1RL1	0.1779899999999999	0.0635411739140374	0.17799000000000004	1.0459764013610102e-06	True	10	True
PT2-PR2	Cardiometabolic_II	PKD2	0.93025	0.0636122411813324	0.9302500000000002	2.746442770322951e-08	True	8	True
PT2-PR2	Cardiometabolic_II	RAB33A	0.98105	0.0674539980047647	0.98105	4.168944576685787e-08	True	8	True
PT2-PR2	Oncology_II	NDUFB7	1.01215	0.0683030511515955	1.0121499999999999	1.7071964906412598e-06	True	10	True
PT2-PR2	Inflammation	CRELD2	0.34021	0.0683030511515955	0.34021000000000007	1.7598702428968382e-06	True	10	True
PT2-PR2	Neurology	FKBP5	1.3866666666666667	0.0719896417458088	1.3866666666666665	1.301326522916853e-06	True	9	True
PT2-PR2	Cardiometabolic_II	CSDE1	1.255125	0.0719896417458088	1.2551249999999998	2.9468196561047324e-07	True	8	True
PT2-PR2	Oncology	OMG	-1.1851333333333334	0.0719896417458088	-1.1851333333333331	7.800434306416065e-06	True	9	True
PT2-PR2	Inflammation	NFATC1	1.1778250000000003	0.0719896417458088	1.177825	2.762069843142565e-07	True	8	True
PT2-PR2	Inflammation	MYO9B	0.9700111111111112	0.0719896417458088	0.970011111111111	1.4348987798861887e-06	True	9	True
PT2-PR2	Cardiometabolic_II	MYDGF	0.80968	0.0719896417458088	0.8096799999999998	3.0062711154836675e-06	True	10	True
PT2-PR2	Neurology	F11R	0.7519799999999999	0.0719896417458088	0.7519800000000002	3.5325692091629715e-06	True	10	True
PT2-PR2	Neurology	LGALS8	0.70843	0.0719896417458088	0.7084300000000001	4.055066267724317e-06	True	10	True
PT2-PR2	Inflammation_II	NRGN	0.6764222222222223	0.0719896417458088	0.6764222222222224	1.7088100570440182e-06	True	9	True
PT2-PR2	Neurology	CALCA	0.5984111111111111	0.0719896417458088	0.5984111111111111	6.93591946720322e-07	True	9	True
PT2-PR2	Inflammation_II	REPS1	-0.5651200000000001	0.0719896417458088	-0.56512	2.3383523352118242e-06	True	10	True
PT2-PR2	Oncology_II	PXDNL	-0.4956699999999999	0.0719896417458088	-0.49567	3.229702410258318e-06	True	10	True
PT2-PR2	Neurology_II	SPTLC1	0.4899199999999999	0.0719896417458088	0.48992000000000013	4.954338037004215e-06	True	10	True
PT2-PR2	Inflammation_II	SYAP1	0.3918	0.0719896417458088	0.3918000000000001	5.651136670079342e-06	True	10	True
PT2-PR2	Oncology_II	LUZP2	-0.37941	0.0719896417458088	-0.3794099999999999	3.587348529145918e-06	True	10	True
PT2-PR2	Neurology	MMP3	-0.3492200000000001	0.0719896417458088	-0.34922000000000003	5.273786702800708e-06	True	10	True
PT2-PR2	Neurology	FCER2	0.33213	0.0719896417458088	0.3321300000000001	6.013264181575373e-06	True	10	True
PT2-PR2	Oncology_II	LRRFIP1	0.3301299999999999	0.0719896417458088	0.3301299999999998	5.427009276819437e-06	True	10	True
PT2-PR2	Oncology	RSPO3	0.20893	0.0719896417458088	0.20893000000000003	4.012597738148449e-06	True	10	True
PT2-PR2	Neurology	WARS	0.20638	0.0719896417458088	0.20638	3.7085636837278516e-06	True	10	True
PT2-PR2	Oncology	SCG2	-0.1980699999999999	0.0719896417458088	-0.19806999999999997	5.947314778599387e-06	True	10	True
PT2-PR2	Oncology	PPP1R12A	1.3876666666666668	0.0727519727864695	1.3876666666666662	2.016307841108758e-06	True	9	True
PT2-PR2	Cardiometabolic_II	LONP1	0.7726299999999998	0.0727519727864695	0.7726299999999999	7.691948520338241e-06	True	10	True
PT2-PR2	Oncology	HS6ST1	0.7113099999999999	0.0727519727864695	0.7113099999999999	7.413447484536412e-06	True	10	True
PT2-PR2	Oncology	ANGPT2	0.26056	0.0727519727864695	0.26056000000000007	7.903763054825216e-06	True	10	True
PT2-PR2	Cardiometabolic	PDCD6	0.2464555555555555	0.0727519727864695	0.2464555555555555	2.1705840353727286e-06	True	9	True
PT2-PR2	Neurology	PLAU	0.24036	0.0727519727864695	0.24035999999999985	7.130894080402837e-06	True	10	True
PT2-PR2	Neurology	SERPINB6	0.58694	0.075963413011982	0.5869399999999998	9.471276698405495e-06	True	10	True
PT2-PR2	Inflammation	CTRC	0.17663	0.0763420990336804	0.17662999999999998	9.989520489739537e-06	True	10	True
PT2-PR2	Neurology	EBAG9	1.349766666666667	0.0766470634535244	1.3497666666666668	3.5310356711123963e-06	True	9	True
PT2-PR2	Cardiometabolic	GH1	4.6051666666666655	0.0783329525622673	4.605166666666666	2.3213240520908995e-06	True	9	True
PT2-PR2	Oncology	RTBDN	-0.5124777777777778	0.0783329525622673	-0.512477777777778	4.166581120631897e-06	True	9	True
PT2-PR2	Inflammation_II	LZTFL1	0.38087	0.0803967849042785	0.38087000000000015	1.3996733422568576e-05	True	10	True
PT2-PR2	Neurology	SIGLEC5	0.3436	0.0803967849042785	0.34360000000000007	1.4093265820826722e-05	True	10	True
PT2-PR2	Neurology	MAP4K5	1.2505888888888892	0.080529439084675	1.2505888888888888	5.209190628694411e-06	True	9	True
PT2-PR2	Cardiometabolic_II	TOMM20	0.67159	0.0808027683642198	0.6715900000000004	1.5312845507474244e-05	True	10	True
PT2-PR2	Inflammation	ANGPTL2	0.26542	0.0814397829076603	0.26542	1.6220598910591504e-05	True	10	True
PT2-PR2	Cardiometabolic	CST6	0.31964	0.0821950954391282	0.31964000000000015	1.725873192024647e-05	True	10	True
PT2-PR2	Oncology	GFER	0.5683875	0.0833217426478598	0.5683874999999998	1.596976032776531e-06	True	8	True
PT2-PR2	Neurology	TFF1	0.24847	0.084095986884586	0.24847000000000002	2.039935697717487e-05	True	10	True
PT2-PR2	Inflammation	SCG3	-0.13665	0.084095986884586	-0.13665	1.9982711313641824e-05	True	10	True
PT2-PR2	Neurology_II	CACNB3	1.0212666666666663	0.0843458974312243	1.0212666666666665	8.003766514744161e-06	True	9	True
PT2-PR2	Oncology	SNAP29	1.4459444444444445	0.0864443843374373	1.445944444444444	9.058234391920077e-06	True	9	True
PT2-PR2	Inflammation	MANF	1.77059	0.0875750218189784	1.7705899999999997	2.7726555265583037e-05	True	10	True
PT2-PR2	Inflammation	SKAP2	1.36551	0.0875750218189784	1.3655099999999998	2.7337207013908033e-05	True	10	True
PT2-PR2	Cardiometabolic_II	SYTL4	1.0105	0.0875750218189784	1.0104999999999997	2.5980358407349276e-05	True	10	True
PT2-PR2	Inflammation	CNTNAP2	-0.7225125000000001	0.0875750218189784	-0.7225125000000001	2.889733719333594e-06	True	8	True
PT2-PR2	Neurology	VSIG4	0.11052	0.0875750218189784	0.11052	2.741319671239651e-05	True	10	True
PT2-PR2	Inflammation_II	ERP29	1.16001	0.0879024573980845	1.1600100000000004	3.0368680303463887e-05	True	10	True
PT2-PR2	Neurology	MESD	1.15431	0.0879024573980845	1.15431	2.991923120807868e-05	True	10	True
PT2-PR2	Cardiometabolic	DPT	0.12316	0.0885009462216101	0.12316	3.186964595811991e-05	True	10	True
PT2-PR2	Oncology	SRC	1.9542555555555556	0.0892673509613903	1.9542555555555563	1.854815453651537e-05	True	9	True
PT2-PR2	Inflammation	DBNL	1.60371	0.0892673509613903	1.6037099999999989	3.5576491175223025e-05	True	10	True
PT2-PR2	Cardiometabolic_II	PACS2	1.284775	0.0892673509613903	1.2847750000000002	4.129618191937866e-06	True	8	True
PT2-PR2	Cardiometabolic_II	GP1BB	1.088375	0.0892673509613903	1.0883749999999999	5.186224016319599e-06	True	8	True
PT2-PR2	Oncology	CIAPIN1	1.0797555555555556	0.0892673509613903	1.0797555555555556	1.933226068193271e-05	True	9	True
PT2-PR2	Neurology_II	CEND1	-0.7505555555555554	0.0892673509613903	-0.7505555555555559	1.701758886338612e-05	True	9	True
PT2-PR2	Oncology_II	JPT2	0.73313	0.0892673509613903	0.7331300000000002	3.513265537385635e-05	True	10	True
PT2-PR2	Inflammation_II	STX7	0.6557099999999999	0.0892673509613903	0.65571	4.2026016938889805e-05	True	10	True
PT2-PR2	Oncology	NUCB2	0.51386	0.0892673509613903	0.5138600000000001	3.812898164918345e-05	True	10	True
PT2-PR2	Neurology	PPCDC	0.4857299999999999	0.0892673509613903	0.48572999999999994	4.0938958852916744e-05	True	10	True
PT2-PR2	Inflammation_II	PENK	-0.2617	0.0892673509613903	-0.26169999999999993	4.179098481322124e-05	True	10	True
PT2-PR2	Inflammation	LRRN1	0.1952333333333333	0.0892673509613903	0.19523333333333331	1.928131849838565e-05	True	9	True
PT2-PR2	Inflammation_II	CFHR2	0.16446	0.0892673509613903	0.16446000000000002	4.03291056567611e-05	True	10	True
PT2-PR2	Inflammation	ARHGEF12	1.6155750000000002	0.0892884369667309	1.615574999999999	6.743846310338449e-06	True	8	True
PT2-PR2	Oncology_II	CIRBP	1.34146	0.0892884369667309	1.3414600000000005	4.80048282554459e-05	True	10	True
PT2-PR2	Neurology	TDRKH	0.8416888888888889	0.0892884369667309	0.8416888888888887	2.0671569429746183e-05	True	9	True
PT2-PR2	Inflammation	NCK2	0.6326700000000001	0.0892884369667309	0.6326700000000002	5.115563799548598e-05	True	10	True
PT2-PR2	Neurology	SPOCK1	0.3262222222222222	0.0892884369667309	0.32622222222222225	2.1207634284884424e-05	True	9	True
PT2-PR2	Oncology	SMAD5	0.2633888888888889	0.0892884369667309	0.2633888888888889	2.2103778467612307e-05	True	9	True
PT2-PR2	Cardiometabolic_II	CEP170	1.2586400000000002	0.0894518506647814	1.25864	5.7312223399347845e-05	True	10	True
PT2-PR2	Inflammation	CD40	0.67114	0.0894518506647814	0.6711399999999998	5.7292024340489354e-05	True	10	True
PT2-PR2	Inflammation	FGF2	0.5476875	0.0894518506647814	0.5476874999999999	7.669840830828546e-06	True	8	True
PT2-PR2	Neurology	CD99	0.15118	0.0894518506647814	0.15118	5.401769977325149e-05	True	10	True
PT2-PR2	Neurology	PRDX1	0.5259333333333334	0.0906403746698416	0.5259333333333334	2.7067316645198187e-05	True	9	True
PT2-PR2	Neurology	DNMBP	0.9647333333333334	0.0906558805677403	0.964733333333333	2.8336902752693015e-05	True	9	True
PT2-PR2	Oncology_II	AP1G2	0.7723	0.0906558805677403	0.7723000000000002	6.362594799088801e-05	True	10	True
PT2-PR2	Cardiometabolic_II	FAM172A	0.74543	0.0914144588754617	0.7454299999999999	6.794641885562865e-05	True	10	True
PT2-PR2	Neurology	FABP5	0.6557000000000001	0.0914144588754617	0.6556999999999998	6.720619252784988e-05	True	10	True
PT2-PR2	Inflammation	BANK1	1.5351875	0.0928197157763282	1.5351875	1.0664830991653769e-05	True	8	True
PT2-PR2	Neurology_II	ESYT2	1.21446	0.0928197157763282	1.21446	7.394992496650461e-05	True	10	True
PT2-PR2	Oncology	YES1	1.4982	0.0931258632494873	1.4981999999999998	3.494973551725315e-05	True	9	True
PT2-PR2	Neurology	DARS1	1.2215888888888888	0.0938758395766122	1.2215888888888884	3.939164070321972e-05	True	9	True
PT2-PR2	Oncology_II	AP3B1	1.09083	0.0938758395766122	1.09083	7.992526254749879e-05	True	10	True
PT2-PR2	Oncology_II	DUT	1.0872999999999995	0.0938758395766122	1.0873	8.625357428935782e-05	True	10	True
PT2-PR2	Neurology_II	PLEKHO1	0.911	0.0938758395766122	0.9109999999999998	8.918946571596087e-05	True	10	True
PT2-PR2	Inflammation	FIS1	0.7533599999999999	0.0938758395766122	0.7533600000000001	8.9266541943202e-05	True	10	True
PT2-PR2	Cardiometabolic	TINAGL1	0.2132777777777778	0.0938758395766122	0.21327777777777776	3.8744449517409603e-05	True	9	True
PT2-PR2	Oncology_II	PALM	-0.20901	0.0938758395766122	-0.2090099999999999	8.339273447580443e-05	True	10	True
PT2-PR2	Inflammation	RAB37	0.6327222222222223	0.0942386182283943	0.6327222222222223	4.3362893514532975e-05	True	9	True
PT2-PR2	Cardiometabolic	WASF1	1.1192555555555554	0.0946625972696171	1.1192555555555557	4.522153399144139e-05	True	9	True
PT2-PR2	Cardiometabolic	CA5A	0.3885888888888889	0.0946625972696171	0.3885888888888889	4.589851710551236e-05	True	9	True
PT2-PR2	Inflammation	MGMT	2.045375	0.0949550061731046	2.045375	1.4433099891998452e-05	True	8	True
PT2-PR2	Neurology	RHOC	2.013788888888889	0.0949550061731046	2.0137888888888877	0.00010406930279510046	True	9	True
PT2-PR2	Inflammation	PDLIM7	1.7923900000000004	0.0949550061731046	1.7923899999999993	0.00015828397555732655	True	10	True
PT2-PR2	Inflammation	CRKL	1.7056099999999996	0.0949550061731046	1.7056099999999998	0.00018700864141110265	True	10	True
PT2-PR2	Cardiometabolic_II	RBPMS2	1.5325200000000003	0.0949550061731046	1.5325199999999994	0.00018453945174099192	True	10	True
PT2-PR2	Neurology	BIN2	1.50995	0.0949550061731046	1.5099499999999995	0.000136567495353672	True	10	True
PT2-PR2	Inflammation	IRAK4	1.4122	0.0949550061731046	1.4122	6.171535408166301e-05	True	8	True
PT2-PR2	Oncology_II	EIF2AK2	1.4083100000000002	0.0949550061731046	1.4083100000000004	0.0001276984716058826	True	10	True
PT2-PR2	Neurology	HARS1	1.2447	0.0949550061731046	1.2447000000000001	0.0001420214697965321	True	10	True
PT2-PR2	Cardiometabolic	CORO1A	1.20061	0.0949550061731046	1.2006100000000002	0.0001358817917075942	True	10	True
PT2-PR2	Neurology	CRADD	1.1825777777777775	0.0949550061731046	1.1825777777777777	5.921346949848461e-05	True	9	True
PT2-PR2	Inflammation	DNAJA2	1.0906	0.0949550061731046	1.0906	0.00020229077909786317	True	10	True
PT2-PR2	Neurology	CLEC1B	1.03413	0.0949550061731046	1.0341299999999998	0.000166481029399503	True	10	True
PT2-PR2	Oncology	CRACR2A	1.0317625	0.0949550061731046	1.0317625	3.5557105719508463e-05	True	8	True
PT2-PR2	Inflammation_II	VAMP8	1.02385	0.0949550061731046	1.02385	0.00020203423401286271	True	10	True
PT2-PR2	Neurology_II	WASHC3	0.99052	0.0949550061731046	0.9905200000000001	0.00010730402492719285	True	10	True
PT2-PR2	Cardiometabolic_II	CMC1	0.94455	0.0949550061731046	0.9445499999999996	0.00012434995311840373	True	10	True
PT2-PR2	Oncology	SUGT1	0.890375	0.0949550061731046	0.890375	3.7167127943950646e-05	True	8	True
PT2-PR2	Inflammation	HPCAL1	0.86843	0.0949550061731046	0.8684300000000003	0.0001538833060980042	True	10	True
PT2-PR2	Inflammation_II	DNAJB6	0.7939999999999999	0.0949550061731046	0.7940000000000002	0.00018711468956728852	True	10	True
PT2-PR2	Cardiometabolic_II	CALCOCO2	0.78971	0.0949550061731046	0.7897100000000001	0.00016360581525974124	True	10	True
PT2-PR2	Inflammation_II	PIKFYVE	0.77135	0.0949550061731046	0.7713500000000003	0.00016563464813156752	True	10	True
PT2-PR2	Cardiometabolic_II	PDIA4	0.7022	0.0949550061731046	0.7022000000000004	0.00020231172366785459	True	10	True
PT2-PR2	Neurology_II	PPP1R14A	0.6273333333333334	0.0949550061731046	0.6273333333333334	9.000392825704207e-05	True	9	True
PT2-PR2	Neurology	STIP1	0.62128	0.0949550061731046	0.62128	0.00018682681617811028	True	10	True
PT2-PR2	Oncology	PPY	-0.6025999999999999	0.0949550061731046	-0.6025999999999999	5.312995159703469e-05	True	9	True
PT2-PR2	Neurology	PPP3R1	0.5612222222222221	0.0949550061731046	0.5612222222222222	5.714101238363896e-05	True	9	True
PT2-PR2	Oncology_II	SHC1	-0.553322222222222	0.0949550061731046	-0.5533222222222223	5.691334451090527e-05	True	9	True
PT2-PR2	Inflammation	ANGPTL4	0.46986	0.0949550061731046	0.46986	0.00013301587444690448	True	10	True
PT2-PR2	Cardiometabolic	VSIR	0.4656	0.0949550061731046	0.46559999999999996	5.1661968470700796e-05	True	9	True
PT2-PR2	Neurology_II	BLOC1S3	0.43131	0.0949550061731046	0.43131	0.00017158454198484697	True	10	True
PT2-PR2	Cardiometabolic	CEACAM8	0.4298888888888889	0.0949550061731046	0.42988888888888893	8.796213761256659e-05	True	9	True
PT2-PR2	Oncology_II	MORF4L2	0.3984333333333333	0.0949550061731046	0.3984333333333332	6.22179444509574e-05	True	9	True
PT2-PR2	Inflammation_II	TSC1	0.38964	0.0949550061731046	0.3896400000000001	0.00019866922155102308	True	10	True
PT2-PR2	Neurology_II	SYT1	-0.38856	0.0949550061731046	-0.3885599999999999	0.0001589638711680091	True	10	True
PT2-PR2	Neurology	KEL	0.3785888888888889	0.0949550061731046	0.37858888888888886	6.979186571686226e-05	True	9	True
PT2-PR2	Cardiometabolic	SELP	0.3692099999999999	0.0949550061731046	0.36921000000000004	0.0001922231837618142	True	10	True
PT2-PR2	Cardiometabolic	CA3	-0.35764	0.0949550061731046	-0.35764000000000007	0.00017121016606950787	True	10	True
PT2-PR2	Neurology	OBP2B	0.3523333333333333	0.0949550061731046	0.3523333333333334	7.63263329457752e-05	True	9	True
PT2-PR2	Oncology	DPP6	-0.3490555555555555	0.0949550061731046	-0.3490555555555555	6.32743963855943e-05	True	9	True
PT2-PR2	Oncology_II	MTUS1	0.3276888888888889	0.0949550061731046	0.3276888888888889	0.00010668398731395613	True	9	True
PT2-PR2	Inflammation	CRIM1	0.30378	0.0949550061731046	0.30378	0.00017510483310329098	True	10	True
PT2-PR2	Inflammation	CTSO	0.27364	0.0949550061731046	0.27364000000000005	0.00017737338790844737	True	10	True
PT2-PR2	Neurology	VCAN	0.25296	0.0949550061731046	0.2529599999999999	0.00015586920894534843	True	10	True
PT2-PR2	Cardiometabolic_II	AHNAK	-0.2292199999999999	0.0949550061731046	-0.22922000000000006	0.00016765876573192885	True	10	True
PT2-PR2	Cardiometabolic	LDLR	0.19987	0.0949550061731046	0.19986999999999994	0.00013280310569265417	True	10	True
PT2-PR2	Inflammation	CD244	0.18145	0.0949550061731046	0.18145	0.0001787975056061824	True	10	True
PT2-PR2	Oncology_II	SEPTIN7	0.3362222222222222	0.0954954873005534	0.3362222222222222	0.00011015848352285676	True	9	True
PT2-PR2	Oncology_II	MINDY1	1.2463100000000005	0.095571173231828	1.24631	0.00021162974878277481	True	10	True
PT2-PR2	Neurology	RWDD1	0.9664499999999998	0.0958160428303506	0.9664500000000001	0.00021586501942071756	True	10	True
PT2-PR2	Inflammation	HSPA1A	0.71389	0.0962516432243371	0.7138900000000001	0.00022131739797338882	True	10	True
PT2-PR2	Cardiometabolic_II	YOD1	0.7320374999999999	0.0970255898394606	0.7320374999999998	4.999433280127026e-05	True	8	True
PT2-PR2	Neurology	APRT	1.493377777777778	0.0974216136207856	1.4933777777777777	0.0001258667345875877	True	9	True
PT2-PR2	Oncology	TJAP1	1.4521111111111114	0.0977290057572256	1.4521111111111116	0.00014280579694256974	True	9	True
PT2-PR2	Oncology	DAB2	1.29558	0.0977290057572256	1.2955800000000006	0.00024563479203671746	True	10	True
PT2-PR2	Neurology	CC2D1A	1.2631333333333332	0.0977290057572256	1.263133333333333	0.00014466597430699845	True	9	True
PT2-PR2	Inflammation_II	DAAM1	0.95921	0.0977290057572256	0.9592100000000001	0.00025560802687118046	True	10	True
PT2-PR2	Cardiometabolic_II	L3HYPDH	0.7383199999999999	0.0977290057572256	0.73832	0.00027380098222396946	True	10	True
PT2-PR2	Oncology	ATOX1	0.729588888888889	0.0977290057572256	0.7295888888888888	0.0001312831921049003	True	9	True
PT2-PR2	Oncology	STX6	0.67765	0.0977290057572256	0.67765	6.151678027758199e-05	True	8	True
PT2-PR2	Inflammation	FABP1	0.6496999999999999	0.0977290057572256	0.6496999999999997	0.00025682359496508516	True	10	True
PT2-PR2	Oncology	ITGB5	0.5912777777777777	0.0977290057572256	0.5912777777777777	0.00014522837386156517	True	9	True
PT2-PR2	Neurology_II	TXNDC9	0.47958	0.0977290057572256	0.4795799999999998	0.0002680783862232557	True	10	True
PT2-PR2	Cardiometabolic	PLAT	0.42901	0.0977290057572256	0.4290099999999999	0.0002419871402116011	True	10	True
PT2-PR2	Inflammation_II	TGFBR1	-0.36673	0.0977290057572256	-0.36673	0.0002748590656021087	True	10	True
PT2-PR2	Cardiometabolic	ENG	0.08033	0.0977290057572256	0.08033000000000001	0.00027725597406874847	True	10	True
PT2-PR2	Oncology	MDK	0.4939666666666667	0.0982227002601891	0.49396666666666667	0.00015653502705574124	True	9	True
PT2-PR2	Inflammation_II	UBXN1	0.7176400000000001	0.0982329716936029	0.7176399999999998	0.0002875961965683053	True	10	True
PT2-PR2	Cardiometabolic_II	PDZD2	0.9998375	0.0982580840770127	0.9998374999999998	7.065262513024676e-05	True	8	True
PT2-PR2	Neurology_II	CACNB1	-0.9728	0.0982580840770127	-0.9728	9.086604340962272e-05	True	9	True
PT2-PR2	Inflammation_II	APOE	0.14733	0.0982580840770127	0.14733000000000002	0.0002918549085240709	True	10	True
PT2-PR2	Neurology	TBCB	1.9032	0.0985181744788383	1.903199999999999	0.00017518103367748848	True	9	True
PT2-PR2	Inflammation_II	GIT1	1.19515	0.0985181744788383	1.1951500000000002	0.0003102878619776738	True	10	True
PT2-PR2	Oncology	TRIAP1	0.66162	0.0985181744788383	0.6616199999999999	0.00031671300738336143	True	10	True
PT2-PR2	Neurology	GNLY	0.29005	0.0985181744788383	0.29005	0.00031756291763300015	True	10	True
PT2-PR2	Inflammation	SCGB3A2	0.15852	0.0985181744788383	0.15852	0.00030504731334396484	True	10	True
PT2-PR2	Oncology	TACC3	1.628055555555556	0.098631131539345	1.6280555555555547	0.0001882414021592859	True	9	True
PT2-PR2	Neurology_II	SMTN	1.4147500000000002	0.098631131539345	1.4147500000000002	0.00033514933330658743	True	10	True
PT2-PR2	Neurology_II	HDGFL2	0.71515	0.098631131539345	0.7151500000000002	0.0003339489703008585	True	10	True
PT2-PR2	Cardiometabolic	GZMH	0.4636444444444444	0.098631131539345	0.46364444444444436	0.00019281553878874953	True	9	True
PT2-PR2	Oncology_II	S100A3	-0.32946	0.098631131539345	-0.3294600000000001	0.00034060983644642256	True	10	True
PT2-PR2	Cardiometabolic_II	AHNAK2	-0.2611799999999999	0.098631131539345	-0.26118000000000013	0.00033149090977182064	True	10	True
PT2-PR2	Inflammation	CCL23	0.19032	0.098631131539345	0.1903200000000001	0.0003439193007091231	True	10	True
PT2-PR2	Inflammation	CLIP2	1.8398	0.0989094005497175	1.8397999999999994	9.034759954785912e-05	True	8	True
PT2-PR2	Inflammation	PRDX5	0.98021	0.0989094005497175	0.9802099999999997	0.0003567238866781199	True	10	True
PT2-PR2	Inflammation	DAPP1	0.8769125000000001	0.0989094005497175	0.8769124999999999	8.990156758924793e-05	True	8	True
PT2-PR2	Neurology	WWP2	0.5566666666666666	0.0994991512420831	0.5566666666666668	0.00020894412646009521	True	9	True
PT2-PR2	Neurology	METAP1	0.4462777777777778	0.0995054401809583	0.4462777777777777	0.00021143364545666258	True	9	True
PT2-PR2	Neurology_II	DOK1	1.94323	0.0996843613556441	1.943230000000001	0.0005003787297336325	True	10	True
PT2-PR2	Inflammation	MAP2K6	1.7134999999999998	0.0996843613556441	1.7135000000000007	0.0001483581349936305	True	8	True
PT2-PR2	Oncology	ERBIN	1.5836333333333337	0.0996843613556441	1.5836333333333332	0.00025289894948786067	True	9	True
PT2-PR2	Neurology	MITD1	1.4698	0.0996843613556441	1.4698000000000004	0.00026283566913255785	True	9	True
PT2-PR2	Oncology	SCAMP3	1.2436555555555555	0.0996843613556441	1.2436555555555562	0.00031415424292076594	True	9	True
PT2-PR2	Cardiometabolic_II	DNAJC6	1.1871699999999998	0.0996843613556441	1.18717	0.00046900119069752215	True	10	True
PT2-PR2	Oncology	DCTN2	1.176	0.0996843613556441	1.1760000000000004	0.00023400199150780252	True	9	True
PT2-PR2	Neurology	MIF	1.1717300000000002	0.0996843613556441	1.1717300000000006	0.0004378642570573937	True	10	True
PT2-PR2	Cardiometabolic_II	SARG	1.15804	0.0996843613556441	1.1580400000000004	0.0004955612550487457	True	10	True
PT2-PR2	Oncology	SIRT2	1.109722222222222	0.0996843613556441	1.1097222222222223	0.0002606047216588341	True	9	True
PT2-PR2	Neurology_II	DLG4	0.96634	0.0996843613556441	0.9663400000000001	0.0004537129511639738	True	10	True
PT2-PR2	Neurology	STAMBP	0.9358888888888888	0.0996843613556441	0.935888888888889	0.00030579688112674584	True	9	True
PT2-PR2	Inflammation	SHMT1	0.89696	0.0996843613556441	0.8969599999999998	0.0005190776833576665	True	10	True
PT2-PR2	Inflammation	HCLS1	0.8880899999999998	0.0996843613556441	0.8880900000000003	0.0004029027277646129	True	10	True
PT2-PR2	Neurology	SERPINB1	0.8772800000000001	0.0996843613556441	0.8772799999999998	0.0005204730837587793	True	10	True
PT2-PR2	Inflammation	PLA2G4A	0.86542	0.0996843613556441	0.86542	0.0004296780595698125	True	10	True
PT2-PR2	Oncology	ABL1	0.8521666666666667	0.0996843613556441	0.8521666666666668	0.00027333354334436457	True	9	True
PT2-PR2	Neurology_II	ARHGEF1	0.763	0.0996843613556441	0.7629999999999999	0.0005118682431963167	True	10	True
PT2-PR2	Inflammation	BCR	0.7155874999999999	0.0996843613556441	0.7155875	0.0001418567281347748	True	8	True
PT2-PR2	Inflammation_II	GLRX5	0.6974400000000001	0.0996843613556441	0.69744	0.0004932723372220025	True	10	True
PT2-PR2	Neurology	DBI	0.6746599999999999	0.0996843613556441	0.6746600000000003	0.0004704043762965513	True	10	True
PT2-PR2	Oncology_II	GAD1	-0.5745444444444444	0.0996843613556441	-0.5745444444444443	5.939468010516521e-05	True	9	True
PT2-PR2	Oncology	ZBTB16	0.5665125	0.0996843613556441	0.5665125	9.887664199997477e-05	True	8	True
PT2-PR2	Neurology	PEBP1	0.55032	0.0996843613556441	0.55032	0.0005230274293663936	True	10	True
PT2-PR2	Cardiometabolic_II	RAB10	0.5114699999999999	0.0996843613556441	0.5114699999999998	0.0004373551762486437	True	10	True
PT2-PR2	Neurology	CPPED1	0.3801799999999999	0.0996843613556441	0.38018000000000024	0.0004837255796511723	True	10	True
PT2-PR2	Cardiometabolic	BAG6	0.3428555555555555	0.0996843613556441	0.3428555555555555	0.00028779313197848836	True	9	True
PT2-PR2	Neurology_II	ALDH5A1	0.3212	0.0996843613556441	0.3212	0.00026657881762480646	True	9	True
PT2-PR2	Oncology	DCXR	0.3164666666666667	0.0996843613556441	0.3164666666666668	0.00023235954622580243	True	9	True
PT2-PR2	Cardiometabolic	PLA2G2A	0.3141599999999999	0.0996843613556441	0.3141599999999999	0.00050768081709472	True	10	True
PT2-PR2	Oncology	KLK10	0.3019333333333333	0.0996843613556441	0.30193333333333333	0.00024106759209735005	True	9	True
PT2-PR2	Inflammation	DGKZ	0.2520888888888888	0.0996843613556441	0.252088888888889	0.00022701934776439399	True	9	True
PT2-PR2	Neurology	CCL19	0.2478799999999999	0.0996843613556441	0.2478799999999999	0.0004561787344181376	True	10	True
PT2-PR2	Neurology	CTSS	0.2254899999999999	0.0996843613556441	0.22549000000000005	0.0004372227593560697	True	10	True
PT2-PR2	Inflammation	CXCL9	0.16026	0.0996843613556441	0.16026000000000007	0.00048506239350151536	True	10	True
PT2-PR2	Neurology_II	STX3	0.15025	0.0996843613556441	0.15025000000000005	0.0005049564269137595	True	10	True
